{"type": "FeatureCollection", "features": [{"type": "Feature", "geometry": {"type": "MultiPolygon", "coordinates": [[[[-78.69736, 35.133006332027], [-78.66879, 36.122206728227], [-79.88852, 36.139740730929], [-79.90216, 35.149916038428], [-78.69736, 35.133006332027]]]]}, "id": "S2B_MSIL1C_20220528T155819_N0400_R097_T17SPV_20220528T194637", "assets": {}, "properties": {"eodag_product_type": "S2_MSI_L1C", "eodag_provider": "peps", "eodag_search_intersection": {"type": "Polygon", "coordinates": [[[-78.78775568304484, 36.12391689736931], [-78.7884898, 35.8444042], [-79.13423745, 35.84451376], [-79.13471149773693, 36.1289044964218], [-78.78775568304484, 36.12391689736931]]]}, "abstract": null, "instrument": "MSI", "platform": "S2ST", "platformSerialIdentifier": "S2B", "processingLevel": "LEVEL1C", "keywords": "MSI,SENTINEL,SENTINEL2,S2,S2A,S2B,L1,L1C,SAFE", "sensorType": "OPTICAL", "license": "proprietary", "missionStartDate": "2015-06-23T00:00:00Z", "title": "S2B_MSIL1C_20220528T155819_N0400_R097_T17SPV_20220528T194637", "_id": "S2_MSI_L1C", "productType": "S2MSI1C", "uid": "7b3844d5-2f3a-5690-bef7-fa10f214e0a3", "keyword": {"772e93bb1d09234": {"name": "North America", "normalized": "north-america", "type": "continent", "href": "https://peps.cnes.fr/resto/api/collections/S2ST/search.json?&lang=en&q=%22North%20America%22"}, "1a5360854a016c9": {"name": "United States of America", "normalized": "united-states-of-america", "type": "country", "parentHash": "772e93bb1d09234", "value": 100, "href": "https://peps.cnes.fr/resto/api/collections/S2ST/search.json?&lang=en&q=%22United%20States%20of%20America%22"}, "b1bd83dbedb661c": {"name": "South", "normalized": "south", "type": "region", "parentHash": "1a5360854a016c9", "value": 100, "href": "https://peps.cnes.fr/resto/api/collections/S2ST/search.json?&lang=en&q=South"}, "33c619964ad3cbb": {"name": "North Carolina", "normalized": "north-carolina", "type": "state", "parentHash": "b1bd83dbedb661c", "value": 100, "href": "https://peps.cnes.fr/resto/api/collections/S2ST/search.json?&lang=en&q=%22North%20Carolina%22"}, "a0e4a10aa754ab4": {"name": "Northern", "type": "location", "href": "https://peps.cnes.fr/resto/api/collections/S2ST/search.json?&lang=en&q=Northern"}, "b4de51064131332": {"name": "Spring", "type": "season", "href": "https://peps.cnes.fr/resto/api/collections/S2ST/search.json?&lang=en&q=Spring"}, "45038f3c2322ea3": {"name": "S2ST", "type": "collection", "href": "https://peps.cnes.fr/resto/api/collections/S2ST/search.json?&lang=en&q=S2ST"}, "6219554ecf5905c": {"name": "S2MSI1C", "type": "productType", "href": "https://peps.cnes.fr/resto/api/collections/S2ST/search.json?&lang=en&q=S2MSI1C"}, "44b15c0a6e62129": {"name": "LEVEL1C", "type": "processingLevel", "href": "https://peps.cnes.fr/resto/api/collections/S2ST/search.json?&lang=en&q=LEVEL1C"}, "56bf819406cae6b": {"name": "s2B", "type": "platform", "href": "https://peps.cnes.fr/resto/api/collections/S2ST/search.json?&lang=en&q=s2B"}, "f841767ba5c92d4": {"name": "msi", "type": "instrument", "parentHash": "56bf819406cae6b", "href": "https://peps.cnes.fr/resto/api/collections/S2ST/search.json?&lang=en&q=msi"}, "aca78422271631a": {"name": "INS-NOBS", "type": "sensorMode", "parentHash": "f841767ba5c92d4", "href": "https://peps.cnes.fr/resto/api/collections/S2ST/search.json?&lang=en&q=INS-NOBS"}, "e8f96b7c46c0d54": {"name": "Descending", "type": "orbitDirection", "href": "https://peps.cnes.fr/resto/api/collections/S2ST/search.json?&lang=en&q=Descending"}, "a56dfb1210d361d": {"name": "Nominal", "type": "realtime", "href": "https://peps.cnes.fr/resto/api/collections/S2ST/search.json?&lang=en&q=Nominal"}, "1f2c66daa212d6a": {"name": "2022", "type": "year", "href": "https://peps.cnes.fr/resto/api/collections/S2ST/search.json?&lang=en&q=2022"}, "dcc9dd5eb77eef7": {"name": "May", "type": "month", "parentHash": "1f2c66daa212d6a", "href": "https://peps.cnes.fr/resto/api/collections/S2ST/search.json?&lang=en&q=May"}, "2255d84df307b80": {"name": "28", "type": "day", "parentHash": "dcc9dd5eb77eef7", "href": "https://peps.cnes.fr/resto/api/collections/S2ST/search.json?&lang=en&q=28"}}, "resolution": null, "organisationName": "ESA", "publicationDate": "2022-05-28T22:47:28.589Z", "parentIdentifier": "urn:ogc:def:EOP:ESA::SENTINEL-2:", "orbitNumber": 27293, "orbitDirection": "descending", "cloudCover": 0.715309504613455, "snowCover": null, "creationDate": "2022-05-28T22:46:23.977Z", "modificationDate": "2022-05-28T22:47:28.589Z", "sensorMode": "INS-NOBS", "startTimeFromAscendingNode": "2022-05-28T15:58:19.024Z", "completionTimeFromAscendingNode": "2022-05-28T15:58:19.024Z", "quicklook": "https://peps.cnes.fr/quicklook/2022/05/28/S2B/S2B_MSIL1C_20220528T155819_N0400_R097_T17SPV_20220528T194637_quicklook.jpg", "downloadLink": "https://peps.cnes.fr/resto/collections/S2ST/7b3844d5-2f3a-5690-bef7-fa10f214e0a3/download", "tileIdentifier": "17SPV", "storageStatus": "OFFLINE", "thumbnail": null, "resourceSize": 841601543, "resourceChecksum": "e088f1a8cc6e10717b16bd691bb0bf3b", "visible": 1, "newVersion": null, "isNrt": 0, "realtime": "Nominal", "relativeOrbitNumber": 97, "useDatalake": 1, "bucket": "sentinel2-l1c", "prefix": "17/S/PV/2022/05/28", "s2TakeId": "GS2B_20220528T155819_027293_N04.00", "bareSoil": null, "highProbaClouds": null, "mediumProbaClouds": null, "lowProbaClouds": null, "snowIce": null, "vegetation": null, "water": null, "isRefined": 1, "nrtResource": "/data/NRT/2022/05/28/S2B/S2B_MSIL1C_20220528T155819_N0400_R097_T17SPV_20220528T194637.zip", "storage": {"mode": "tier3"}}}, {"type": "Feature", "geometry": {"type": "MultiPolygon", "coordinates": [[[[-78.67139, 36.03410504882], [-78.64154, 37.023137802563], [-79.87552, 37.041254047993], [-79.88977, 36.051582826082], [-78.67139, 36.03410504882]]]]}, "id": "S2B_MSIL1C_20220528T155819_N0400_R097_T17SPA_20220528T194637", "assets": {}, "properties": {"eodag_product_type": "S2_MSI_L1C", "eodag_provider": "peps", "eodag_search_intersection": {"type": "Polygon", "coordinates": [[[-79.13456455287948, 36.040749331940745], [-79.13471968, 36.1338132], [-78.78772998, 36.13370325], [-78.78798717348934, 36.03577764639024], [-79.13456455287948, 36.040749331940745]]]}, "abstract": null, "instrument": "MSI", "platform": "S2ST", "platformSerialIdentifier": "S2B", "processingLevel": "LEVEL1C", "keywords": "MSI,SENTINEL,SENTINEL2,S2,S2A,S2B,L1,L1C,SAFE", "sensorType": "OPTICAL", "license": "proprietary", "missionStartDate": "2015-06-23T00:00:00Z", "title": "S2B_MSIL1C_20220528T155819_N0400_R097_T17SPA_20220528T194637", "_id": "S2_MSI_L1C", "productType": "S2MSI1C", "uid": "90d26dca-6d20-52b5-bb66-0721379783a0", "keyword": {"772e93bb1d09234": {"name": "North America", "normalized": "north-america", "type": "continent", "href": "https://peps.cnes.fr/resto/api/collections/S2ST/search.json?&lang=en&q=%22North%20America%22"}, "1a5360854a016c9": {"name": "United States of America", "normalized": "united-states-of-america", "type": "country", "parentHash": "772e93bb1d09234", "value": 99.99, "href": "https://peps.cnes.fr/resto/api/collections/S2ST/search.json?&lang=en&q=%22United%20States%20of%20America%22"}, "b1bd83dbedb661c": {"name": "South", "normalized": "south", "type": "region", "parentHash": "1a5360854a016c9", "value": 99.99, "href": "https://peps.cnes.fr/resto/api/collections/S2ST/search.json?&lang=en&q=South"}, "33c619964ad3cbb": {"name": "North Carolina", "normalized": "north-carolina", "type": "state", "parentHash": "b1bd83dbedb661c", "value": 50.31, "href": "https://peps.cnes.fr/resto/api/collections/S2ST/search.json?&lang=en&q=%22North%20Carolina%22"}, "182d5069c561698": {"name": "Virginia", "normalized": "virginia", "type": "state", "parentHash": "b1bd83dbedb661c", "value": 49.68, "href": "https://peps.cnes.fr/resto/api/collections/S2ST/search.json?&lang=en&q=Virginia"}, "a0e4a10aa754ab4": {"name": "Northern", "type": "location", "href": "https://peps.cnes.fr/resto/api/collections/S2ST/search.json?&lang=en&q=Northern"}, "b4de51064131332": {"name": "Spring", "type": "season", "href": "https://peps.cnes.fr/resto/api/collections/S2ST/search.json?&lang=en&q=Spring"}, "45038f3c2322ea3": {"name": "S2ST", "type": "collection", "href": "https://peps.cnes.fr/resto/api/collections/S2ST/search.json?&lang=en&q=S2ST"}, "6219554ecf5905c": {"name": "S2MSI1C", "type": "productType", "href": "https://peps.cnes.fr/resto/api/collections/S2ST/search.json?&lang=en&q=S2MSI1C"}, "44b15c0a6e62129": {"name": "LEVEL1C", "type": "processingLevel", "href": "https://peps.cnes.fr/resto/api/collections/S2ST/search.json?&lang=en&q=LEVEL1C"}, "56bf819406cae6b": {"name": "s2B", "type": "platform", "href": "https://peps.cnes.fr/resto/api/collections/S2ST/search.json?&lang=en&q=s2B"}, "f841767ba5c92d4": {"name": "msi", "type": "instrument", "parentHash": "56bf819406cae6b", "href": "https://peps.cnes.fr/resto/api/collections/S2ST/search.json?&lang=en&q=msi"}, "aca78422271631a": {"name": "INS-NOBS", "type": "sensorMode", "parentHash": "f841767ba5c92d4", "href": "https://peps.cnes.fr/resto/api/collections/S2ST/search.json?&lang=en&q=INS-NOBS"}, "e8f96b7c46c0d54": {"name": "Descending", "type": "orbitDirection", "href": "https://peps.cnes.fr/resto/api/collections/S2ST/search.json?&lang=en&q=Descending"}, "a56dfb1210d361d": {"name": "Nominal", "type": "realtime", "href": "https://peps.cnes.fr/resto/api/collections/S2ST/search.json?&lang=en&q=Nominal"}, "1f2c66daa212d6a": {"name": "2022", "type": "year", "href": "https://peps.cnes.fr/resto/api/collections/S2ST/search.json?&lang=en&q=2022"}, "dcc9dd5eb77eef7": {"name": "May", "type": "month", "parentHash": "1f2c66daa212d6a", "href": "https://peps.cnes.fr/resto/api/collections/S2ST/search.json?&lang=en&q=May"}, "2255d84df307b80": {"name": "28", "type": "day", "parentHash": "dcc9dd5eb77eef7", "href": "https://peps.cnes.fr/resto/api/collections/S2ST/search.json?&lang=en&q=28"}}, "resolution": null, "organisationName": "ESA", "publicationDate": "2022-05-28T22:47:02.817Z", "parentIdentifier": "urn:ogc:def:EOP:ESA::SENTINEL-2:", "orbitNumber": 27293, "orbitDirection": "descending", "cloudCover": 30.2851981247574, "snowCover": null, "creationDate": "2022-05-28T22:44:40.593Z", "modificationDate": "2022-05-28T22:47:02.817Z", "sensorMode": "INS-NOBS", "startTimeFromAscendingNode": "2022-05-28T15:58:19.024Z", "completionTimeFromAscendingNode": "2022-05-28T15:58:19.024Z", "quicklook": "https://peps.cnes.fr/quicklook/2022/05/28/S2B/S2B_MSIL1C_20220528T155819_N0400_R097_T17SPA_20220528T194637_quicklook.jpg", "downloadLink": "https://peps.cnes.fr/resto/collections/S2ST/90d26dca-6d20-52b5-bb66-0721379783a0/download", "tileIdentifier": "17SPA", "storageStatus": "OFFLINE", "thumbnail": null, "resourceSize": 855845889, "resourceChecksum": "114710638fdc4d8ce8ac4c20e29f43d8", "visible": 1, "newVersion": null, "isNrt": 0, "realtime": "Nominal", "relativeOrbitNumber": 97, "useDatalake": 1, "bucket": "sentinel2-l1c", "prefix": "17/S/PA/2022/05/28", "s2TakeId": "GS2B_20220528T155819_027293_N04.00", "bareSoil": null, "highProbaClouds": null, "mediumProbaClouds": null, "lowProbaClouds": null, "snowIce": null, "vegetation": null, "water": null, "isRefined": 1, "nrtResource": "/data/NRT/2022/05/28/S2B/S2B_MSIL1C_20220528T155819_N0400_R097_T17SPA_20220528T194637.zip", "storage": {"mode": "tier3"}}}, {"type": "Feature", "geometry": {"type": "Polygon", "coordinates": [[[-79.888519425, 36.139740731], [-79.902146161, 35.149916038], [-78.697342098, 35.133006332], [-78.668785361, 36.122206728], [-79.888519425, 36.139740731]]]}, "id": "S2B_MSIL1C_20220518T155819_N0510_R097_T17SPV_20240618T225200", "assets": {}, "properties": {"eodag_product_type": "S2_MSI_L1C", "eodag_provider": "peps", "eodag_search_intersection": {"type": "Polygon", "coordinates": [[[-78.78775568288519, 36.123916958157885], [-78.7884898, 35.8444042], [-79.13423745, 35.84451376], [-79.1347114978107, 36.12890454068044], [-78.78775568288519, 36.123916958157885]]]}, "abstract": null, "instrument": "MSI", "platform": "S2ST", "platformSerialIdentifier": "S2B", "processingLevel": "LEVEL1C", "keywords": "MSI,SENTINEL,SENTINEL2,S2,S2A,S2B,L1,L1C,SAFE", "sensorType": "OPTICAL", "license": "proprietary", "missionStartDate": "2015-06-23T00:00:00Z", "title": "S2B_MSIL1C_20220518T155819_N0510_R097_T17SPV_20240618T225200", "_id": "S2_MSI_L1C", "productType": "S2MSI1C", "uid": "53837202-ed79-5fc8-b3ea-eb387d5bf5f5", "keyword": {"772e93bb1d09234": {"name": "North America", "normalized": "north-america", "type": "continent", "href": "https://peps.cnes.fr/resto/api/collections/S2ST/search.json?&lang=en&q=%22North%20America%22"}, "1a5360854a016c9": {"name": "United States of America", "normalized": "united-states-of-america", "type": "country", "parentHash": "772e93bb1d09234", "value": 99.99, "href": "https://peps.cnes.fr/resto/api/collections/S2ST/search.json?&lang=en&q=%22United%20States%20of%20America%22"}, "b1bd83dbedb661c": {"name": "South", "normalized": "south", "type": "region", "parentHash": "1a5360854a016c9", "value": 99.99, "href": "https://peps.cnes.fr/resto/api/collections/S2ST/search.json?&lang=en&q=South"}, "33c619964ad3cbb": {"name": "North Carolina", "normalized": "north-carolina", "type": "state", "parentHash": "b1bd83dbedb661c", "value": 99.99, "href": "https://peps.cnes.fr/resto/api/collections/S2ST/search.json?&lang=en&q=%22North%20Carolina%22"}, "a0e4a10aa754ab4": {"name": "Northern", "type": "location", "href": "https://peps.cnes.fr/resto/api/collections/S2ST/search.json?&lang=en&q=Northern"}, "b4de51064131332": {"name": "Spring", "type": "season", "href": "https://peps.cnes.fr/resto/api/collections/S2ST/search.json?&lang=en&q=Spring"}, "45038f3c2322ea3": {"name": "S2ST", "type": "collection", "href": "https://peps.cnes.fr/resto/api/collections/S2ST/search.json?&lang=en&q=S2ST"}, "6219554ecf5905c": {"name": "S2MSI1C", "type": "productType", "href": "https://peps.cnes.fr/resto/api/collections/S2ST/search.json?&lang=en&q=S2MSI1C"}, "44b15c0a6e62129": {"name": "LEVEL1C", "type": "processingLevel", "href": "https://peps.cnes.fr/resto/api/collections/S2ST/search.json?&lang=en&q=LEVEL1C"}, "56bf819406cae6b": {"name": "s2B", "type": "platform", "href": "https://peps.cnes.fr/resto/api/collections/S2ST/search.json?&lang=en&q=s2B"}, "f841767ba5c92d4": {"name": "msi", "type": "instrument", "parentHash": "56bf819406cae6b", "href": "https://peps.cnes.fr/resto/api/collections/S2ST/search.json?&lang=en&q=msi"}, "aca78422271631a": {"name": "INS-NOBS", "type": "sensorMode", "parentHash": "f841767ba5c92d4", "href": "https://peps.cnes.fr/resto/api/collections/S2ST/search.json?&lang=en&q=INS-NOBS"}, "e8f96b7c46c0d54": {"name": "Descending", "type": "orbitDirection", "href": "https://peps.cnes.fr/resto/api/collections/S2ST/search.json?&lang=en&q=Descending"}, "a56dfb1210d361d": {"name": "Nominal", "type": "realtime", "href": "https://peps.cnes.fr/resto/api/collections/S2ST/search.json?&lang=en&q=Nominal"}, "1f2c66daa212d6a": {"name": "2022", "type": "year", "href": "https://peps.cnes.fr/resto/api/collections/S2ST/search.json?&lang=en&q=2022"}, "dcc9dd5eb77eef7": {"name": "May", "type": "month", "parentHash": "1f2c66daa212d6a", "href": "https://peps.cnes.fr/resto/api/collections/S2ST/search.json?&lang=en&q=May"}, "67d163fd3e3d342": {"name": "18", "type": "day", "parentHash": "dcc9dd5eb77eef7", "href": "https://peps.cnes.fr/resto/api/collections/S2ST/search.json?&lang=en&q=18"}}, "resolution": null, "organisationName": "ESA", "publicationDate": "2024-12-12T21:29:41.448Z", "parentIdentifier": "urn:ogc:def:EOP:ESA::SENTINEL-2:", "orbitNumber": 27150, "orbitDirection": "descending", "cloudCover": 61.74579712741501, "snowCover": null, "creationDate": "2024-12-12T20:59:47.152Z", "modificationDate": "2024-12-12T21:29:41.448Z", "sensorMode": "INS-NOBS", "startTimeFromAscendingNode": "2022-05-18T15:58:19.000Z", "completionTimeFromAscendingNode": "2022-05-18T15:58:19.000Z", "quicklook": "https://peps.cnes.fr/quicklook/2022/05/18/S2B/S2B_MSIL1C_20220518T155819_N0510_R097_T17SPV_20240618T225200_quicklook.jpg", "downloadLink": "https://peps.cnes.fr/resto/collections/S2ST/53837202-ed79-5fc8-b3ea-eb387d5bf5f5/download", "tileIdentifier": "17SPV", "storageStatus": "OFFLINE", "thumbnail": null, "resourceSize": 830614424, "resourceChecksum": "52d1396b943ef1efae5ad8bae087c9dd", "visible": 1, "newVersion": null, "isNrt": 0, "realtime": "Nominal", "relativeOrbitNumber": 97, "useDatalake": 1, "bucket": "sentinel2-l1c", "prefix": "17/S/PV/2022/05/18", "s2TakeId": "GS2B_20220518T155819_027150_N05.10", "bareSoil": null, "highProbaClouds": null, "mediumProbaClouds": null, "lowProbaClouds": null, "snowIce": null, "vegetation": null, "water": null, "isRefined": 1, "nrtResource": "/data/NRT/2022/05/18/S2B/S2B_MSIL1C_20220518T155819_N0510_R097_T17SPV_20240618T225200.zip", "storage": {"mode": "tier3"}}}, {"type": "Feature", "geometry": {"type": "MultiPolygon", "coordinates": [[[[-78.69736, 35.133006332027], [-78.66879, 36.122206728227], [-79.88852, 36.139740730929], [-79.90216, 35.149916038428], [-78.69736, 35.133006332027]]]]}, "id": "S2B_MSIL1C_20220518T155819_N0400_R097_T17SPV_20220518T194355", "assets": {}, "properties": {"eodag_product_type": "S2_MSI_L1C", "eodag_provider": "peps", "eodag_search_intersection": {"type": "Polygon", "coordinates": [[[-78.78775568304484, 36.12391689736931], [-78.7884898, 35.8444042], [-79.13423745, 35.84451376], [-79.13471149773693, 36.1289044964218], [-78.78775568304484, 36.12391689736931]]]}, "abstract": null, "instrument": "MSI", "platform": "S2ST", "platformSerialIdentifier": "S2B", "processingLevel": "LEVEL1C", "keywords": "MSI,SENTINEL,SENTINEL2,S2,S2A,S2B,L1,L1C,SAFE", "sensorType": "OPTICAL", "license": "proprietary", "missionStartDate": "2015-06-23T00:00:00Z", "title": "S2B_MSIL1C_20220518T155819_N0400_R097_T17SPV_20220518T194355", "_id": "S2_MSI_L1C", "productType": "S2MSI1C", "uid": "5f87d19c-cf32-5d3c-bbcd-60475bbd8a2f", "keyword": {"772e93bb1d09234": {"name": "North America", "normalized": "north-america", "type": "continent", "href": "https://peps.cnes.fr/resto/api/collections/S2ST/search.json?&lang=en&q=%22North%20America%22"}, "1a5360854a016c9": {"name": "United States of America", "normalized": "united-states-of-america", "type": "country", "parentHash": "772e93bb1d09234", "value": 100, "href": "https://peps.cnes.fr/resto/api/collections/S2ST/search.json?&lang=en&q=%22United%20States%20of%20America%22"}, "b1bd83dbedb661c": {"name": "South", "normalized": "south", "type": "region", "parentHash": "1a5360854a016c9", "value": 100, "href": "https://peps.cnes.fr/resto/api/collections/S2ST/search.json?&lang=en&q=South"}, "33c619964ad3cbb": {"name": "North Carolina", "normalized": "north-carolina", "type": "state", "parentHash": "b1bd83dbedb661c", "value": 100, "href": "https://peps.cnes.fr/resto/api/collections/S2ST/search.json?&lang=en&q=%22North%20Carolina%22"}, "a0e4a10aa754ab4": {"name": "Northern", "type": "location", "href": "https://peps.cnes.fr/resto/api/collections/S2ST/search.json?&lang=en&q=Northern"}, "b4de51064131332": {"name": "Spring", "type": "season", "href": "https://peps.cnes.fr/resto/api/collections/S2ST/search.json?&lang=en&q=Spring"}, "45038f3c2322ea3": {"name": "S2ST", "type": "collection", "href": "https://peps.cnes.fr/resto/api/collections/S2ST/search.json?&lang=en&q=S2ST"}, "6219554ecf5905c": {"name": "S2MSI1C", "type": "productType", "href": "https://peps.cnes.fr/resto/api/collections/S2ST/search.json?&lang=en&q=S2MSI1C"}, "44b15c0a6e62129": {"name": "LEVEL1C", "type": "processingLevel", "href": "https://peps.cnes.fr/resto/api/collections/S2ST/search.json?&lang=en&q=LEVEL1C"}, "56bf819406cae6b": {"name": "s2B", "type": "platform", "href": "https://peps.cnes.fr/resto/api/collections/S2ST/search.json?&lang=en&q=s2B"}, "f841767ba5c92d4": {"name": "msi", "type": "instrument", "parentHash": "56bf819406cae6b", "href": "https://peps.cnes.fr/resto/api/collections/S2ST/search.json?&lang=en&q=msi"}, "aca78422271631a": {"name": "INS-NOBS", "type": "sensorMode", "parentHash": "f841767ba5c92d4", "href": "https://peps.cnes.fr/resto/api/collections/S2ST/search.json?&lang=en&q=INS-NOBS"}, "e8f96b7c46c0d54": {"name": "Descending", "type": "orbitDirection", "href": "https://peps.cnes.fr/resto/api/collections/S2ST/search.json?&lang=en&q=Descending"}, "a56dfb1210d361d": {"name": "Nominal", "type": "realtime", "href": "https://peps.cnes.fr/resto/api/collections/S2ST/search.json?&lang=en&q=Nominal"}, "1f2c66daa212d6a": {"name": "2022", "type": "year", "href": "https://peps.cnes.fr/resto/api/collections/S2ST/search.json?&lang=en&q=2022"}, "dcc9dd5eb77eef7": {"name": "May", "type": "month", "parentHash": "1f2c66daa212d6a", "href": "https://peps.cnes.fr/resto/api/collections/S2ST/search.json?&lang=en&q=May"}, "67d163fd3e3d342": {"name": "18", "type": "day", "parentHash": "dcc9dd5eb77eef7", "href": "https://peps.cnes.fr/resto/api/collections/S2ST/search.json?&lang=en&q=18"}}, "resolution": null, "organisationName": "ESA", "publicationDate": "2022-05-18T22:44:12.240Z", "parentIdentifier": "urn:ogc:def:EOP:ESA::SENTINEL-2:", "orbitNumber": 27150, "orbitDirection": "descending", "cloudCover": 61.745916569619894, "snowCover": null, "creationDate": "2022-05-18T22:24:19.270Z", "modificationDate": "2022-05-18T22:44:12.240Z", "sensorMode": "INS-NOBS", "startTimeFromAscendingNode": "2022-05-18T15:58:19.024Z", "completionTimeFromAscendingNode": "2022-05-18T15:58:19.024Z", "quicklook": "https://peps.cnes.fr/quicklook/2022/05/18/S2B/S2B_MSIL1C_20220518T155819_N0400_R097_T17SPV_20220518T194355_quicklook.jpg", "downloadLink": "https://peps.cnes.fr/resto/collections/S2ST/5f87d19c-cf32-5d3c-bbcd-60475bbd8a2f/download", "tileIdentifier": "17SPV", "storageStatus": "OFFLINE", "thumbnail": null, "resourceSize": 830761859, "resourceChecksum": "5f9ae880db8a1b70e3d97bc67698b912", "visible": 1, "newVersion": null, "isNrt": 0, "realtime": "Nominal", "relativeOrbitNumber": 97, "useDatalake": 1, "bucket": "sentinel2-l1c", "prefix": "17/S/PV/2022/05/18", "s2TakeId": "GS2B_20220518T155819_027150_N04.00", "bareSoil": null, "highProbaClouds": null, "mediumProbaClouds": null, "lowProbaClouds": null, "snowIce": null, "vegetation": null, "water": null, "isRefined": 1, "nrtResource": "/data/NRT/2022/05/18/S2B/S2B_MSIL1C_20220518T155819_N0400_R097_T17SPV_20220518T194355.zip", "storage": {"mode": "tier3"}}}, {"type": "Feature", "geometry": {"type": "Polygon", "coordinates": [[[-79.600822576391, 37.037221261897], [-79.875514452661, 37.041254047993], [-79.889760308681, 36.051582826082], [-78.671385770528, 36.03410504882], [-78.646968461392, 36.843044258172], [-78.747578973428, 36.865092016564], [-78.747168593529, 36.866400160721], [-78.74722666341, 36.866412963582], [-78.747121630802, 36.866748370819], [-78.747146501376, 36.866753858548], [-78.747124648991, 36.866823573756], [-78.747229889018, 36.866846815899], [-78.747098710227, 36.867265057225], [-79.005677810687, 36.922293427842], [-79.005671159949, 36.922314877613], [-79.007819986526, 36.922749305543], [-79.020345887785, 36.925414949965], [-79.020824321344, 36.9238706188], [-79.023180358143, 36.924347069384], [-79.023334646455, 36.923848994424], [-79.268250480974, 36.973326751488], [-79.268052794279, 36.973971533485], [-79.268074548383, 36.973975928678], [-79.267620490963, 36.975455529787], [-79.541350694075, 37.028174168044], [-79.541514988711, 37.027632394527], [-79.541576289667, 37.027643718862], [-79.541758169117, 37.027044089058], [-79.541942961265, 37.027078300478], [-79.542118629296, 37.026499306541], [-79.544770346283, 37.026991284435], [-79.544814079183, 37.026847375579], [-79.600822576391, 37.037221261897]]]}, "id": "S2A_MSIL1C_20220503T155831_N0510_R097_T17SPA_20241127T102757", "assets": {}, "properties": {"eodag_product_type": "S2_MSI_L1C", "eodag_provider": "peps", "eodag_search_intersection": {"type": "Polygon", "coordinates": [[[-79.13456455303027, 36.04074942240099], [-79.13471968, 36.1338132], [-78.78772998, 36.13370325], [-78.7879871733103, 36.0357777145582], [-79.13456455303027, 36.04074942240099]]]}, "abstract": null, "instrument": "MSI", "platform": "S2ST", "platformSerialIdentifier": "S2A", "processingLevel": "LEVEL1C", "keywords": "MSI,SENTINEL,SENTINEL2,S2,S2A,S2B,L1,L1C,SAFE", "sensorType": "OPTICAL", "license": "proprietary", "missionStartDate": "2015-06-23T00:00:00Z", "title": "S2A_MSIL1C_20220503T155831_N0510_R097_T17SPA_20241127T102757", "_id": "S2_MSI_L1C", "productType": "S2MSI1C", "uid": "a8ba832c-50a5-520c-84bd-5dabe1eeef91", "keyword": {"772e93bb1d09234": {"name": "North America", "normalized": "north-america", "type": "continent", "href": "https://peps.cnes.fr/resto/api/collections/S2ST/search.json?&lang=en&q=%22North%20America%22"}, "1a5360854a016c9": {"name": "United States of America", "normalized": "united-states-of-america", "type": "country", "parentHash": "772e93bb1d09234", "value": 99.99, "href": "https://peps.cnes.fr/resto/api/collections/S2ST/search.json?&lang=en&q=%22United%20States%20of%20America%22"}, "b1bd83dbedb661c": {"name": "South", "normalized": "south", "type": "region", "parentHash": "1a5360854a016c9", "value": 99.99, "href": "https://peps.cnes.fr/resto/api/collections/S2ST/search.json?&lang=en&q=South"}, "33c619964ad3cbb": {"name": "North Carolina", "normalized": "north-carolina", "type": "state", "parentHash": "b1bd83dbedb661c", "value": 54.03, "href": "https://peps.cnes.fr/resto/api/collections/S2ST/search.json?&lang=en&q=%22North%20Carolina%22"}, "182d5069c561698": {"name": "Virginia", "normalized": "virginia", "type": "state", "parentHash": "b1bd83dbedb661c", "value": 45.96, "href": "https://peps.cnes.fr/resto/api/collections/S2ST/search.json?&lang=en&q=Virginia"}, "a0e4a10aa754ab4": {"name": "Northern", "type": "location", "href": "https://peps.cnes.fr/resto/api/collections/S2ST/search.json?&lang=en&q=Northern"}, "b4de51064131332": {"name": "Spring", "type": "season", "href": "https://peps.cnes.fr/resto/api/collections/S2ST/search.json?&lang=en&q=Spring"}, "45038f3c2322ea3": {"name": "S2ST", "type": "collection", "href": "https://peps.cnes.fr/resto/api/collections/S2ST/search.json?&lang=en&q=S2ST"}, "6219554ecf5905c": {"name": "S2MSI1C", "type": "productType", "href": "https://peps.cnes.fr/resto/api/collections/S2ST/search.json?&lang=en&q=S2MSI1C"}, "44b15c0a6e62129": {"name": "LEVEL1C", "type": "processingLevel", "href": "https://peps.cnes.fr/resto/api/collections/S2ST/search.json?&lang=en&q=LEVEL1C"}, "afe9ad14455c260": {"name": "s2A", "type": "platform", "href": "https://peps.cnes.fr/resto/api/collections/S2ST/search.json?&lang=en&q=s2A"}, "503f8f6199f3e44": {"name": "msi", "type": "instrument", "parentHash": "afe9ad14455c260", "href": "https://peps.cnes.fr/resto/api/collections/S2ST/search.json?&lang=en&q=msi"}, "3f85bb5d775e1fc": {"name": "INS-NOBS", "type": "sensorMode", "parentHash": "503f8f6199f3e44", "href": "https://peps.cnes.fr/resto/api/collections/S2ST/search.json?&lang=en&q=INS-NOBS"}, "e8f96b7c46c0d54": {"name": "Descending", "type": "orbitDirection", "href": "https://peps.cnes.fr/resto/api/collections/S2ST/search.json?&lang=en&q=Descending"}, "a56dfb1210d361d": {"name": "Nominal", "type": "realtime", "href": "https://peps.cnes.fr/resto/api/collections/S2ST/search.json?&lang=en&q=Nominal"}, "1f2c66daa212d6a": {"name": "2022", "type": "year", "href": "https://peps.cnes.fr/resto/api/collections/S2ST/search.json?&lang=en&q=2022"}, "dcc9dd5eb77eef7": {"name": "May", "type": "month", "parentHash": "1f2c66daa212d6a", "href": "https://peps.cnes.fr/resto/api/collections/S2ST/search.json?&lang=en&q=May"}, "48e73fcb68ff34a": {"name": "03", "type": "day", "parentHash": "dcc9dd5eb77eef7", "href": "https://peps.cnes.fr/resto/api/collections/S2ST/search.json?&lang=en&q=03"}}, "resolution": null, "organisationName": "ESA", "publicationDate": "2025-01-15T20:57:27.092Z", "parentIdentifier": "urn:ogc:def:EOP:ESA::SENTINEL-2:", "orbitNumber": 35844, "orbitDirection": "descending", "cloudCover": 75.9523688968563, "snowCover": null, "creationDate": "2025-01-15T20:34:42.607Z", "modificationDate": "2025-01-15T20:57:27.092Z", "sensorMode": "INS-NOBS", "startTimeFromAscendingNode": "2022-05-03T15:58:31.024Z", "completionTimeFromAscendingNode": "2022-05-03T15:58:31.024Z", "quicklook": "https://peps.cnes.fr/quicklook/2022/05/03/S2A/S2A_MSIL1C_20220503T155831_N0510_R097_T17SPA_20241127T102757_quicklook.jpg", "downloadLink": "https://peps.cnes.fr/resto/collections/S2ST/a8ba832c-50a5-520c-84bd-5dabe1eeef91/download", "tileIdentifier": "17SPA", "storageStatus": "OFFLINE", "thumbnail": null, "resourceSize": 789132565, "resourceChecksum": "6d531e42489a6b3ad5905fde89922452", "visible": 1, "newVersion": null, "isNrt": 0, "realtime": "Nominal", "relativeOrbitNumber": 97, "useDatalake": 1, "bucket": "sentinel2-l1c", "prefix": "17/S/PA/2022/05/03", "s2TakeId": "GS2A_20220503T155831_035844_N05.10", "bareSoil": null, "highProbaClouds": null, "mediumProbaClouds": null, "lowProbaClouds": null, "snowIce": null, "vegetation": null, "water": null, "isRefined": 1, "nrtResource": "/data/NRT/2022/05/03/S2A/S2A_MSIL1C_20220503T155831_N0510_R097_T17SPA_20241127T102757.zip", "storage": {"mode": "tier3"}}}, {"type": "Feature", "geometry": {"type": "MultiPolygon", "coordinates": [[[[-78.67139, 36.03410504882], [-78.64697, 36.843091007191], [-78.74756, 36.865135153374], [-78.74716, 36.866443590763], [-78.74722, 36.866456934074], [-78.7471, 36.866792378689], [-78.74713, 36.866797947929], [-78.74713, 36.866867707612], [-78.74722, 36.866891021133], [-78.7471, 36.867309806346], [-79.00568, 36.922334726681], [-79.00568, 36.922355692128], [-79.00778, 36.922780287342], [-79.020325, 36.925454568059], [-79.02081, 36.92390958312], [-79.02316, 36.92438585475], [-79.023315, 36.923887825042], [-79.26825, 36.973361513036], [-79.268036, 36.974006272573], [-79.26807, 36.974010744868], [-79.26761, 36.975491210507], [-79.54135, 37.028205925011], [-79.541504, 37.027663519759], [-79.541565, 37.027674711837], [-79.54175, 37.027074902326], [-79.54193, 37.027108939799], [-79.542114, 37.026529868653], [-79.54477, 37.027021722364], [-79.5448, 37.026877917461], [-79.60065, 37.037218577984], [-79.87552, 37.041254047993], [-79.88977, 36.051582826082], [-78.67139, 36.03410504882]]]]}, "id": "S2A_MSIL1C_20220503T155831_N0400_R097_T17SPA_20220503T211736", "assets": {}, "properties": {"eodag_product_type": "S2_MSI_L1C", "eodag_provider": "peps", "eodag_search_intersection": {"type": "Polygon", "coordinates": [[[-79.13456455287948, 36.040749331940745], [-79.13471968, 36.1338132], [-78.78772998, 36.13370325], [-78.78798717348934, 36.03577764639024], [-79.13456455287948, 36.040749331940745]]]}, "abstract": null, "instrument": "MSI", "platform": "S2ST", "platformSerialIdentifier": "S2A", "processingLevel": "LEVEL1C", "keywords": "MSI,SENTINEL,SENTINEL2,S2,S2A,S2B,L1,L1C,SAFE", "sensorType": "OPTICAL", "license": "proprietary", "missionStartDate": "2015-06-23T00:00:00Z", "title": "S2A_MSIL1C_20220503T155831_N0400_R097_T17SPA_20220503T211736", "_id": "S2_MSI_L1C", "productType": "S2MSI1C", "uid": "fdf6a6a1-29ad-5d4a-ae45-b29aa7aecc41", "keyword": {"772e93bb1d09234": {"name": "North America", "normalized": "north-america", "type": "continent", "href": "https://peps.cnes.fr/resto/api/collections/S2ST/search.json?&lang=en&q=%22North%20America%22"}, "1a5360854a016c9": {"name": "United States of America", "normalized": "united-states-of-america", "type": "country", "parentHash": "772e93bb1d09234", "value": 99.99, "href": "https://peps.cnes.fr/resto/api/collections/S2ST/search.json?&lang=en&q=%22United%20States%20of%20America%22"}, "b1bd83dbedb661c": {"name": "South", "normalized": "south", "type": "region", "parentHash": "1a5360854a016c9", "value": 99.99, "href": "https://peps.cnes.fr/resto/api/collections/S2ST/search.json?&lang=en&q=South"}, "33c619964ad3cbb": {"name": "North Carolina", "normalized": "north-carolina", "type": "state", "parentHash": "b1bd83dbedb661c", "value": 54.03, "href": "https://peps.cnes.fr/resto/api/collections/S2ST/search.json?&lang=en&q=%22North%20Carolina%22"}, "182d5069c561698": {"name": "Virginia", "normalized": "virginia", "type": "state", "parentHash": "b1bd83dbedb661c", "value": 45.96, "href": "https://peps.cnes.fr/resto/api/collections/S2ST/search.json?&lang=en&q=Virginia"}, "a0e4a10aa754ab4": {"name": "Northern", "type": "location", "href": "https://peps.cnes.fr/resto/api/collections/S2ST/search.json?&lang=en&q=Northern"}, "b4de51064131332": {"name": "Spring", "type": "season", "href": "https://peps.cnes.fr/resto/api/collections/S2ST/search.json?&lang=en&q=Spring"}, "45038f3c2322ea3": {"name": "S2ST", "type": "collection", "href": "https://peps.cnes.fr/resto/api/collections/S2ST/search.json?&lang=en&q=S2ST"}, "6219554ecf5905c": {"name": "S2MSI1C", "type": "productType", "href": "https://peps.cnes.fr/resto/api/collections/S2ST/search.json?&lang=en&q=S2MSI1C"}, "44b15c0a6e62129": {"name": "LEVEL1C", "type": "processingLevel", "href": "https://peps.cnes.fr/resto/api/collections/S2ST/search.json?&lang=en&q=LEVEL1C"}, "afe9ad14455c260": {"name": "s2A", "type": "platform", "href": "https://peps.cnes.fr/resto/api/collections/S2ST/search.json?&lang=en&q=s2A"}, "503f8f6199f3e44": {"name": "msi", "type": "instrument", "parentHash": "afe9ad14455c260", "href": "https://peps.cnes.fr/resto/api/collections/S2ST/search.json?&lang=en&q=msi"}, "3f85bb5d775e1fc": {"name": "INS-NOBS", "type": "sensorMode", "parentHash": "503f8f6199f3e44", "href": "https://peps.cnes.fr/resto/api/collections/S2ST/search.json?&lang=en&q=INS-NOBS"}, "e8f96b7c46c0d54": {"name": "Descending", "type": "orbitDirection", "href": "https://peps.cnes.fr/resto/api/collections/S2ST/search.json?&lang=en&q=Descending"}, "a56dfb1210d361d": {"name": "Nominal", "type": "realtime", "href": "https://peps.cnes.fr/resto/api/collections/S2ST/search.json?&lang=en&q=Nominal"}, "1f2c66daa212d6a": {"name": "2022", "type": "year", "href": "https://peps.cnes.fr/resto/api/collections/S2ST/search.json?&lang=en&q=2022"}, "dcc9dd5eb77eef7": {"name": "May", "type": "month", "parentHash": "1f2c66daa212d6a", "href": "https://peps.cnes.fr/resto/api/collections/S2ST/search.json?&lang=en&q=May"}, "48e73fcb68ff34a": {"name": "03", "type": "day", "parentHash": "dcc9dd5eb77eef7", "href": "https://peps.cnes.fr/resto/api/collections/S2ST/search.json?&lang=en&q=03"}}, "resolution": null, "organisationName": "ESA", "publicationDate": "2022-05-04T00:14:04.531Z", "parentIdentifier": "urn:ogc:def:EOP:ESA::SENTINEL-2:", "orbitNumber": 35844, "orbitDirection": "descending", "cloudCover": 75.9608291519606, "snowCover": null, "creationDate": "2022-05-04T00:11:56.658Z", "modificationDate": "2022-05-04T00:14:04.531Z", "sensorMode": "INS-NOBS", "startTimeFromAscendingNode": "2022-05-03T15:58:31.024Z", "completionTimeFromAscendingNode": "2022-05-03T15:58:31.024Z", "quicklook": "https://peps.cnes.fr/quicklook/2022/05/03/S2A/S2A_MSIL1C_20220503T155831_N0400_R097_T17SPA_20220503T211736_quicklook.jpg", "downloadLink": "https://peps.cnes.fr/resto/collections/S2ST/fdf6a6a1-29ad-5d4a-ae45-b29aa7aecc41/download", "tileIdentifier": "17SPA", "storageStatus": "OFFLINE", "thumbnail": null, "resourceSize": 789176444, "resourceChecksum": "03343dba4237c823cee335520bc4310e", "visible": 1, "newVersion": null, "isNrt": 0, "realtime": "Nominal", "relativeOrbitNumber": 97, "useDatalake": 1, "bucket": "sentinel2-l1c", "prefix": "17/S/PA/2022/05/03", "s2TakeId": "GS2A_20220503T155831_035844_N04.00", "bareSoil": null, "highProbaClouds": null, "mediumProbaClouds": null, "lowProbaClouds": null, "snowIce": null, "vegetation": null, "water": null, "isRefined": 1, "nrtResource": "/data/NRT/2022/05/03/S2A/S2A_MSIL1C_20220503T155831_N0400_R097_T17SPA_20220503T211736.zip", "storage": {"mode": "tier3"}}}, {"type": "Feature", "geometry": {"type": "MultiPolygon", "coordinates": [[[[-78.67139, 36.03410504882], [-78.64154, 37.023137802563], [-79.87552, 37.041254047993], [-79.88977, 36.051582826082], [-78.67139, 36.03410504882]]]]}, "id": "S2B_MSIL1C_20220518T155819_N0400_R097_T17SPA_20220518T194355", "assets": {}, "properties": {"eodag_product_type": "S2_MSI_L1C", "eodag_provider": "peps", "eodag_search_intersection": {"type": "Polygon", "coordinates": [[[-79.13456455287948, 36.040749331940745], [-79.13471968, 36.1338132], [-78.78772998, 36.13370325], [-78.78798717348934, 36.03577764639024], [-79.13456455287948, 36.040749331940745]]]}, "abstract": null, "instrument": "MSI", "platform": "S2ST", "platformSerialIdentifier": "S2B", "processingLevel": "LEVEL1C", "keywords": "MSI,SENTINEL,SENTINEL2,S2,S2A,S2B,L1,L1C,SAFE", "sensorType": "OPTICAL", "license": "proprietary", "missionStartDate": "2015-06-23T00:00:00Z", "title": "S2B_MSIL1C_20220518T155819_N0400_R097_T17SPA_20220518T194355", "_id": "S2_MSI_L1C", "productType": "S2MSI1C", "uid": "fcd884ed-f72c-56b2-b81b-0d781764e6f0", "keyword": {"772e93bb1d09234": {"name": "North America", "normalized": "north-america", "type": "continent", "href": "https://peps.cnes.fr/resto/api/collections/S2ST/search.json?&lang=en&q=%22North%20America%22"}, "1a5360854a016c9": {"name": "United States of America", "normalized": "united-states-of-america", "type": "country", "parentHash": "772e93bb1d09234", "value": 99.99, "href": "https://peps.cnes.fr/resto/api/collections/S2ST/search.json?&lang=en&q=%22United%20States%20of%20America%22"}, "b1bd83dbedb661c": {"name": "South", "normalized": "south", "type": "region", "parentHash": "1a5360854a016c9", "value": 99.99, "href": "https://peps.cnes.fr/resto/api/collections/S2ST/search.json?&lang=en&q=South"}, "33c619964ad3cbb": {"name": "North Carolina", "normalized": "north-carolina", "type": "state", "parentHash": "b1bd83dbedb661c", "value": 50.31, "href": "https://peps.cnes.fr/resto/api/collections/S2ST/search.json?&lang=en&q=%22North%20Carolina%22"}, "182d5069c561698": {"name": "Virginia", "normalized": "virginia", "type": "state", "parentHash": "b1bd83dbedb661c", "value": 49.68, "href": "https://peps.cnes.fr/resto/api/collections/S2ST/search.json?&lang=en&q=Virginia"}, "a0e4a10aa754ab4": {"name": "Northern", "type": "location", "href": "https://peps.cnes.fr/resto/api/collections/S2ST/search.json?&lang=en&q=Northern"}, "b4de51064131332": {"name": "Spring", "type": "season", "href": "https://peps.cnes.fr/resto/api/collections/S2ST/search.json?&lang=en&q=Spring"}, "45038f3c2322ea3": {"name": "S2ST", "type": "collection", "href": "https://peps.cnes.fr/resto/api/collections/S2ST/search.json?&lang=en&q=S2ST"}, "6219554ecf5905c": {"name": "S2MSI1C", "type": "productType", "href": "https://peps.cnes.fr/resto/api/collections/S2ST/search.json?&lang=en&q=S2MSI1C"}, "44b15c0a6e62129": {"name": "LEVEL1C", "type": "processingLevel", "href": "https://peps.cnes.fr/resto/api/collections/S2ST/search.json?&lang=en&q=LEVEL1C"}, "56bf819406cae6b": {"name": "s2B", "type": "platform", "href": "https://peps.cnes.fr/resto/api/collections/S2ST/search.json?&lang=en&q=s2B"}, "f841767ba5c92d4": {"name": "msi", "type": "instrument", "parentHash": "56bf819406cae6b", "href": "https://peps.cnes.fr/resto/api/collections/S2ST/search.json?&lang=en&q=msi"}, "aca78422271631a": {"name": "INS-NOBS", "type": "sensorMode", "parentHash": "f841767ba5c92d4", "href": "https://peps.cnes.fr/resto/api/collections/S2ST/search.json?&lang=en&q=INS-NOBS"}, "e8f96b7c46c0d54": {"name": "Descending", "type": "orbitDirection", "href": "https://peps.cnes.fr/resto/api/collections/S2ST/search.json?&lang=en&q=Descending"}, "a56dfb1210d361d": {"name": "Nominal", "type": "realtime", "href": "https://peps.cnes.fr/resto/api/collections/S2ST/search.json?&lang=en&q=Nominal"}, "1f2c66daa212d6a": {"name": "2022", "type": "year", "href": "https://peps.cnes.fr/resto/api/collections/S2ST/search.json?&lang=en&q=2022"}, "dcc9dd5eb77eef7": {"name": "May", "type": "month", "parentHash": "1f2c66daa212d6a", "href": "https://peps.cnes.fr/resto/api/collections/S2ST/search.json?&lang=en&q=May"}, "67d163fd3e3d342": {"name": "18", "type": "day", "parentHash": "dcc9dd5eb77eef7", "href": "https://peps.cnes.fr/resto/api/collections/S2ST/search.json?&lang=en&q=18"}}, "resolution": null, "organisationName": "ESA", "publicationDate": "2022-05-18T22:41:58.089Z", "parentIdentifier": "urn:ogc:def:EOP:ESA::SENTINEL-2:", "orbitNumber": 27150, "orbitDirection": "descending", "cloudCover": 92.6614410702022, "snowCover": null, "creationDate": "2022-05-18T22:28:41.958Z", "modificationDate": "2022-05-18T22:41:58.089Z", "sensorMode": "INS-NOBS", "startTimeFromAscendingNode": "2022-05-18T15:58:19.024Z", "completionTimeFromAscendingNode": "2022-05-18T15:58:19.024Z", "quicklook": "https://peps.cnes.fr/quicklook/2022/05/18/S2B/S2B_MSIL1C_20220518T155819_N0400_R097_T17SPA_20220518T194355_quicklook.jpg", "downloadLink": "https://peps.cnes.fr/resto/collections/S2ST/fcd884ed-f72c-56b2-b81b-0d781764e6f0/download", "tileIdentifier": "17SPA", "storageStatus": "OFFLINE", "thumbnail": null, "resourceSize": 814650735, "resourceChecksum": "0031cc3d88db75ad426647fc9c4ab9c2", "visible": 1, "newVersion": null, "isNrt": 0, "realtime": "Nominal", "relativeOrbitNumber": 97, "useDatalake": 1, "bucket": "sentinel2-l1c", "prefix": "17/S/PA/2022/05/18", "s2TakeId": "GS2B_20220518T155819_027150_N04.00", "bareSoil": null, "highProbaClouds": null, "mediumProbaClouds": null, "lowProbaClouds": null, "snowIce": null, "vegetation": null, "water": null, "isRefined": 1, "nrtResource": "/data/NRT/2022/05/18/S2B/S2B_MSIL1C_20220518T155819_N0400_R097_T17SPA_20220518T194355.zip", "storage": {"mode": "tier3"}}}, {"type": "Feature", "geometry": {"type": "Polygon", "coordinates": [[[-79.875514453, 37.041254048], [-79.889760309, 36.051582826], [-78.671385771, 36.034105049], [-78.641532454, 37.023137803], [-79.875514453, 37.041254048]]]}, "id": "S2B_MSIL1C_20220518T155819_N0510_R097_T17SPA_20240618T225200", "assets": {}, "properties": {"eodag_product_type": "S2_MSI_L1C", "eodag_provider": "peps", "eodag_search_intersection": {"type": "Polygon", "coordinates": [[[-79.1345645530304, 36.04074942247546], [-79.13471968, 36.1338132], [-78.78772998, 36.13370325], [-78.78798717330992, 36.03577771470656], [-79.1345645530304, 36.04074942247546]]]}, "abstract": null, "instrument": "MSI", "platform": "S2ST", "platformSerialIdentifier": "S2B", "processingLevel": "LEVEL1C", "keywords": "MSI,SENTINEL,SENTINEL2,S2,S2A,S2B,L1,L1C,SAFE", "sensorType": "OPTICAL", "license": "proprietary", "missionStartDate": "2015-06-23T00:00:00Z", "title": "S2B_MSIL1C_20220518T155819_N0510_R097_T17SPA_20240618T225200", "_id": "S2_MSI_L1C", "productType": "S2MSI1C", "uid": "92f70f82-4874-5a66-9281-d39bf07becae", "keyword": {"772e93bb1d09234": {"name": "North America", "normalized": "north-america", "type": "continent", "href": "https://peps.cnes.fr/resto/api/collections/S2ST/search.json?&lang=en&q=%22North%20America%22"}, "1a5360854a016c9": {"name": "United States of America", "normalized": "united-states-of-america", "type": "country", "parentHash": "772e93bb1d09234", "value": 100, "href": "https://peps.cnes.fr/resto/api/collections/S2ST/search.json?&lang=en&q=%22United%20States%20of%20America%22"}, "b1bd83dbedb661c": {"name": "South", "normalized": "south", "type": "region", "parentHash": "1a5360854a016c9", "value": 100, "href": "https://peps.cnes.fr/resto/api/collections/S2ST/search.json?&lang=en&q=South"}, "33c619964ad3cbb": {"name": "North Carolina", "normalized": "north-carolina", "type": "state", "parentHash": "b1bd83dbedb661c", "value": 50.31, "href": "https://peps.cnes.fr/resto/api/collections/S2ST/search.json?&lang=en&q=%22North%20Carolina%22"}, "182d5069c561698": {"name": "Virginia", "normalized": "virginia", "type": "state", "parentHash": "b1bd83dbedb661c", "value": 49.68, "href": "https://peps.cnes.fr/resto/api/collections/S2ST/search.json?&lang=en&q=Virginia"}, "a0e4a10aa754ab4": {"name": "Northern", "type": "location", "href": "https://peps.cnes.fr/resto/api/collections/S2ST/search.json?&lang=en&q=Northern"}, "b4de51064131332": {"name": "Spring", "type": "season", "href": "https://peps.cnes.fr/resto/api/collections/S2ST/search.json?&lang=en&q=Spring"}, "45038f3c2322ea3": {"name": "S2ST", "type": "collection", "href": "https://peps.cnes.fr/resto/api/collections/S2ST/search.json?&lang=en&q=S2ST"}, "6219554ecf5905c": {"name": "S2MSI1C", "type": "productType", "href": "https://peps.cnes.fr/resto/api/collections/S2ST/search.json?&lang=en&q=S2MSI1C"}, "44b15c0a6e62129": {"name": "LEVEL1C", "type": "processingLevel", "href": "https://peps.cnes.fr/resto/api/collections/S2ST/search.json?&lang=en&q=LEVEL1C"}, "56bf819406cae6b": {"name": "s2B", "type": "platform", "href": "https://peps.cnes.fr/resto/api/collections/S2ST/search.json?&lang=en&q=s2B"}, "f841767ba5c92d4": {"name": "msi", "type": "instrument", "parentHash": "56bf819406cae6b", "href": "https://peps.cnes.fr/resto/api/collections/S2ST/search.json?&lang=en&q=msi"}, "aca78422271631a": {"name": "INS-NOBS", "type": "sensorMode", "parentHash": "f841767ba5c92d4", "href": "https://peps.cnes.fr/resto/api/collections/S2ST/search.json?&lang=en&q=INS-NOBS"}, "e8f96b7c46c0d54": {"name": "Descending", "type": "orbitDirection", "href": "https://peps.cnes.fr/resto/api/collections/S2ST/search.json?&lang=en&q=Descending"}, "a56dfb1210d361d": {"name": "Nominal", "type": "realtime", "href": "https://peps.cnes.fr/resto/api/collections/S2ST/search.json?&lang=en&q=Nominal"}, "1f2c66daa212d6a": {"name": "2022", "type": "year", "href": "https://peps.cnes.fr/resto/api/collections/S2ST/search.json?&lang=en&q=2022"}, "dcc9dd5eb77eef7": {"name": "May", "type": "month", "parentHash": "1f2c66daa212d6a", "href": "https://peps.cnes.fr/resto/api/collections/S2ST/search.json?&lang=en&q=May"}, "67d163fd3e3d342": {"name": "18", "type": "day", "parentHash": "dcc9dd5eb77eef7", "href": "https://peps.cnes.fr/resto/api/collections/S2ST/search.json?&lang=en&q=18"}}, "resolution": null, "organisationName": "ESA", "publicationDate": "2024-12-12T21:29:16.115Z", "parentIdentifier": "urn:ogc:def:EOP:ESA::SENTINEL-2:", "orbitNumber": 27150, "orbitDirection": "descending", "cloudCover": 92.6624264683926, "snowCover": null, "creationDate": "2024-12-12T21:01:04.190Z", "modificationDate": "2024-12-12T21:29:16.115Z", "sensorMode": "INS-NOBS", "startTimeFromAscendingNode": "2022-05-18T15:58:19.000Z", "completionTimeFromAscendingNode": "2022-05-18T15:58:19.000Z", "quicklook": "https://peps.cnes.fr/quicklook/2022/05/18/S2B/S2B_MSIL1C_20220518T155819_N0510_R097_T17SPA_20240618T225200_quicklook.jpg", "downloadLink": "https://peps.cnes.fr/resto/collections/S2ST/92f70f82-4874-5a66-9281-d39bf07becae/download", "tileIdentifier": "17SPA", "storageStatus": "OFFLINE", "thumbnail": null, "resourceSize": 814952220, "resourceChecksum": "da91dde3c40c224835baa77d57a51471", "visible": 1, "newVersion": null, "isNrt": 0, "realtime": "Nominal", "relativeOrbitNumber": 97, "useDatalake": 1, "bucket": "sentinel2-l1c", "prefix": "17/S/PA/2022/05/18", "s2TakeId": "GS2B_20220518T155819_027150_N05.10", "bareSoil": null, "highProbaClouds": null, "mediumProbaClouds": null, "lowProbaClouds": null, "snowIce": null, "vegetation": null, "water": null, "isRefined": 1, "nrtResource": "/data/NRT/2022/05/18/S2B/S2B_MSIL1C_20220518T155819_N0510_R097_T17SPA_20240618T225200.zip", "storage": {"mode": "tier3"}}}, {"type": "Feature", "geometry": {"type": "MultiPolygon", "coordinates": [[[[-78.69736, 35.133006332027], [-78.66879, 36.122206728227], [-79.88852, 36.139740730929], [-79.90216, 35.149916038428], [-78.69736, 35.133006332027]]]]}, "id": "S2A_MSIL1C_20220513T155821_N0400_R097_T17SPV_20220513T211830", "assets": {}, "properties": {"eodag_product_type": "S2_MSI_L1C", "eodag_provider": "peps", "eodag_search_intersection": {"type": "Polygon", "coordinates": [[[-78.78775568304484, 36.12391689736931], [-78.7884898, 35.8444042], [-79.13423745, 35.84451376], [-79.13471149773693, 36.1289044964218], [-78.78775568304484, 36.12391689736931]]]}, "abstract": null, "instrument": "MSI", "platform": "S2ST", "platformSerialIdentifier": "S2A", "processingLevel": "LEVEL1C", "keywords": "MSI,SENTINEL,SENTINEL2,S2,S2A,S2B,L1,L1C,SAFE", "sensorType": "OPTICAL", "license": "proprietary", "missionStartDate": "2015-06-23T00:00:00Z", "title": "S2A_MSIL1C_20220513T155821_N0400_R097_T17SPV_20220513T211830", "_id": "S2_MSI_L1C", "productType": "S2MSI1C", "uid": "a527545e-67cb-5a1e-8872-ed9c7f10611c", "keyword": {"772e93bb1d09234": {"name": "North America", "normalized": "north-america", "type": "continent", "href": "https://peps.cnes.fr/resto/api/collections/S2ST/search.json?&lang=en&q=%22North%20America%22"}, "1a5360854a016c9": {"name": "United States of America", "normalized": "united-states-of-america", "type": "country", "parentHash": "772e93bb1d09234", "value": 100, "href": "https://peps.cnes.fr/resto/api/collections/S2ST/search.json?&lang=en&q=%22United%20States%20of%20America%22"}, "b1bd83dbedb661c": {"name": "South", "normalized": "south", "type": "region", "parentHash": "1a5360854a016c9", "value": 100, "href": "https://peps.cnes.fr/resto/api/collections/S2ST/search.json?&lang=en&q=South"}, "33c619964ad3cbb": {"name": "North Carolina", "normalized": "north-carolina", "type": "state", "parentHash": "b1bd83dbedb661c", "value": 100, "href": "https://peps.cnes.fr/resto/api/collections/S2ST/search.json?&lang=en&q=%22North%20Carolina%22"}, "a0e4a10aa754ab4": {"name": "Northern", "type": "location", "href": "https://peps.cnes.fr/resto/api/collections/S2ST/search.json?&lang=en&q=Northern"}, "b4de51064131332": {"name": "Spring", "type": "season", "href": "https://peps.cnes.fr/resto/api/collections/S2ST/search.json?&lang=en&q=Spring"}, "45038f3c2322ea3": {"name": "S2ST", "type": "collection", "href": "https://peps.cnes.fr/resto/api/collections/S2ST/search.json?&lang=en&q=S2ST"}, "6219554ecf5905c": {"name": "S2MSI1C", "type": "productType", "href": "https://peps.cnes.fr/resto/api/collections/S2ST/search.json?&lang=en&q=S2MSI1C"}, "44b15c0a6e62129": {"name": "LEVEL1C", "type": "processingLevel", "href": "https://peps.cnes.fr/resto/api/collections/S2ST/search.json?&lang=en&q=LEVEL1C"}, "afe9ad14455c260": {"name": "s2A", "type": "platform", "href": "https://peps.cnes.fr/resto/api/collections/S2ST/search.json?&lang=en&q=s2A"}, "503f8f6199f3e44": {"name": "msi", "type": "instrument", "parentHash": "afe9ad14455c260", "href": "https://peps.cnes.fr/resto/api/collections/S2ST/search.json?&lang=en&q=msi"}, "3f85bb5d775e1fc": {"name": "INS-NOBS", "type": "sensorMode", "parentHash": "503f8f6199f3e44", "href": "https://peps.cnes.fr/resto/api/collections/S2ST/search.json?&lang=en&q=INS-NOBS"}, "e8f96b7c46c0d54": {"name": "Descending", "type": "orbitDirection", "href": "https://peps.cnes.fr/resto/api/collections/S2ST/search.json?&lang=en&q=Descending"}, "a56dfb1210d361d": {"name": "Nominal", "type": "realtime", "href": "https://peps.cnes.fr/resto/api/collections/S2ST/search.json?&lang=en&q=Nominal"}, "1f2c66daa212d6a": {"name": "2022", "type": "year", "href": "https://peps.cnes.fr/resto/api/collections/S2ST/search.json?&lang=en&q=2022"}, "dcc9dd5eb77eef7": {"name": "May", "type": "month", "parentHash": "1f2c66daa212d6a", "href": "https://peps.cnes.fr/resto/api/collections/S2ST/search.json?&lang=en&q=May"}, "720a0e9e551d34d": {"name": "13", "type": "day", "parentHash": "dcc9dd5eb77eef7", "href": "https://peps.cnes.fr/resto/api/collections/S2ST/search.json?&lang=en&q=13"}}, "resolution": null, "organisationName": "ESA", "publicationDate": "2022-05-14T00:59:16.084Z", "parentIdentifier": "urn:ogc:def:EOP:ESA::SENTINEL-2:", "orbitNumber": 35987, "orbitDirection": "descending", "cloudCover": 97.5550180656335, "snowCover": null, "creationDate": "2022-05-14T00:56:23.653Z", "modificationDate": "2022-05-14T00:59:16.084Z", "sensorMode": "INS-NOBS", "startTimeFromAscendingNode": "2022-05-13T15:58:21.024Z", "completionTimeFromAscendingNode": "2022-05-13T15:58:21.024Z", "quicklook": "https://peps.cnes.fr/quicklook/2022/05/13/S2A/S2A_MSIL1C_20220513T155821_N0400_R097_T17SPV_20220513T211830_quicklook.jpg", "downloadLink": "https://peps.cnes.fr/resto/collections/S2ST/a527545e-67cb-5a1e-8872-ed9c7f10611c/download", "tileIdentifier": "17SPV", "storageStatus": "OFFLINE", "thumbnail": null, "resourceSize": 725838782, "resourceChecksum": "3910adf71b6c94eb337de47965a662a0", "visible": 1, "newVersion": null, "isNrt": 0, "realtime": "Nominal", "relativeOrbitNumber": 97, "useDatalake": 1, "bucket": "sentinel2-l1c", "prefix": "17/S/PV/2022/05/13", "s2TakeId": "GS2A_20220513T155821_035987_N04.00", "bareSoil": null, "highProbaClouds": null, "mediumProbaClouds": null, "lowProbaClouds": null, "snowIce": null, "vegetation": null, "water": null, "isRefined": 1, "nrtResource": "/data/NRT/2022/05/13/S2A/S2A_MSIL1C_20220513T155821_N0400_R097_T17SPV_20220513T211830.zip", "storage": {"mode": "tier3"}}}, {"type": "Feature", "geometry": {"type": "MultiPolygon", "coordinates": [[[[-78.67139, 36.03410504882], [-78.64154, 37.023137802563], [-79.87552, 37.041254047993], [-79.88977, 36.051582826082], [-78.67139, 36.03410504882]]]]}, "id": "S2A_MSIL1C_20220513T155821_N0400_R097_T17SPA_20220513T211830", "assets": {}, "properties": {"eodag_product_type": "S2_MSI_L1C", "eodag_provider": "peps", "eodag_search_intersection": {"type": "Polygon", "coordinates": [[[-79.13456455287948, 36.040749331940745], [-79.13471968, 36.1338132], [-78.78772998, 36.13370325], [-78.78798717348934, 36.03577764639024], [-79.13456455287948, 36.040749331940745]]]}, "abstract": null, "instrument": "MSI", "platform": "S2ST", "platformSerialIdentifier": "S2A", "processingLevel": "LEVEL1C", "keywords": "MSI,SENTINEL,SENTINEL2,S2,S2A,S2B,L1,L1C,SAFE", "sensorType": "OPTICAL", "license": "proprietary", "missionStartDate": "2015-06-23T00:00:00Z", "title": "S2A_MSIL1C_20220513T155821_N0400_R097_T17SPA_20220513T211830", "_id": "S2_MSI_L1C", "productType": "S2MSI1C", "uid": "1a8be6df-f49e-5a20-bd73-ae067efcebaf", "keyword": {"772e93bb1d09234": {"name": "North America", "normalized": "north-america", "type": "continent", "href": "https://peps.cnes.fr/resto/api/collections/S2ST/search.json?&lang=en&q=%22North%20America%22"}, "1a5360854a016c9": {"name": "United States of America", "normalized": "united-states-of-america", "type": "country", "parentHash": "772e93bb1d09234", "value": 99.99, "href": "https://peps.cnes.fr/resto/api/collections/S2ST/search.json?&lang=en&q=%22United%20States%20of%20America%22"}, "b1bd83dbedb661c": {"name": "South", "normalized": "south", "type": "region", "parentHash": "1a5360854a016c9", "value": 99.99, "href": "https://peps.cnes.fr/resto/api/collections/S2ST/search.json?&lang=en&q=South"}, "33c619964ad3cbb": {"name": "North Carolina", "normalized": "north-carolina", "type": "state", "parentHash": "b1bd83dbedb661c", "value": 50.31, "href": "https://peps.cnes.fr/resto/api/collections/S2ST/search.json?&lang=en&q=%22North%20Carolina%22"}, "182d5069c561698": {"name": "Virginia", "normalized": "virginia", "type": "state", "parentHash": "b1bd83dbedb661c", "value": 49.68, "href": "https://peps.cnes.fr/resto/api/collections/S2ST/search.json?&lang=en&q=Virginia"}, "a0e4a10aa754ab4": {"name": "Northern", "type": "location", "href": "https://peps.cnes.fr/resto/api/collections/S2ST/search.json?&lang=en&q=Northern"}, "b4de51064131332": {"name": "Spring", "type": "season", "href": "https://peps.cnes.fr/resto/api/collections/S2ST/search.json?&lang=en&q=Spring"}, "45038f3c2322ea3": {"name": "S2ST", "type": "collection", "href": "https://peps.cnes.fr/resto/api/collections/S2ST/search.json?&lang=en&q=S2ST"}, "6219554ecf5905c": {"name": "S2MSI1C", "type": "productType", "href": "https://peps.cnes.fr/resto/api/collections/S2ST/search.json?&lang=en&q=S2MSI1C"}, "44b15c0a6e62129": {"name": "LEVEL1C", "type": "processingLevel", "href": "https://peps.cnes.fr/resto/api/collections/S2ST/search.json?&lang=en&q=LEVEL1C"}, "afe9ad14455c260": {"name": "s2A", "type": "platform", "href": "https://peps.cnes.fr/resto/api/collections/S2ST/search.json?&lang=en&q=s2A"}, "503f8f6199f3e44": {"name": "msi", "type": "instrument", "parentHash": "afe9ad14455c260", "href": "https://peps.cnes.fr/resto/api/collections/S2ST/search.json?&lang=en&q=msi"}, "3f85bb5d775e1fc": {"name": "INS-NOBS", "type": "sensorMode", "parentHash": "503f8f6199f3e44", "href": "https://peps.cnes.fr/resto/api/collections/S2ST/search.json?&lang=en&q=INS-NOBS"}, "e8f96b7c46c0d54": {"name": "Descending", "type": "orbitDirection", "href": "https://peps.cnes.fr/resto/api/collections/S2ST/search.json?&lang=en&q=Descending"}, "a56dfb1210d361d": {"name": "Nominal", "type": "realtime", "href": "https://peps.cnes.fr/resto/api/collections/S2ST/search.json?&lang=en&q=Nominal"}, "1f2c66daa212d6a": {"name": "2022", "type": "year", "href": "https://peps.cnes.fr/resto/api/collections/S2ST/search.json?&lang=en&q=2022"}, "dcc9dd5eb77eef7": {"name": "May", "type": "month", "parentHash": "1f2c66daa212d6a", "href": "https://peps.cnes.fr/resto/api/collections/S2ST/search.json?&lang=en&q=May"}, "720a0e9e551d34d": {"name": "13", "type": "day", "parentHash": "dcc9dd5eb77eef7", "href": "https://peps.cnes.fr/resto/api/collections/S2ST/search.json?&lang=en&q=13"}}, "resolution": null, "organisationName": "ESA", "publicationDate": "2022-05-14T01:02:39.589Z", "parentIdentifier": "urn:ogc:def:EOP:ESA::SENTINEL-2:", "orbitNumber": 35987, "orbitDirection": "descending", "cloudCover": 98.0028964734689, "snowCover": null, "creationDate": "2022-05-14T00:59:52.535Z", "modificationDate": "2022-05-14T01:02:39.589Z", "sensorMode": "INS-NOBS", "startTimeFromAscendingNode": "2022-05-13T15:58:21.024Z", "completionTimeFromAscendingNode": "2022-05-13T15:58:21.024Z", "quicklook": "https://peps.cnes.fr/quicklook/2022/05/13/S2A/S2A_MSIL1C_20220513T155821_N0400_R097_T17SPA_20220513T211830_quicklook.jpg", "downloadLink": "https://peps.cnes.fr/resto/collections/S2ST/1a8be6df-f49e-5a20-bd73-ae067efcebaf/download", "tileIdentifier": "17SPA", "storageStatus": "OFFLINE", "thumbnail": null, "resourceSize": 718852565, "resourceChecksum": "5237cbd3b24844ba640c9bfc5c6f0ada", "visible": 1, "newVersion": null, "isNrt": 0, "realtime": "Nominal", "relativeOrbitNumber": 97, "useDatalake": 1, "bucket": "sentinel2-l1c", "prefix": "17/S/PA/2022/05/13", "s2TakeId": "GS2A_20220513T155821_035987_N04.00", "bareSoil": null, "highProbaClouds": null, "mediumProbaClouds": null, "lowProbaClouds": null, "snowIce": null, "vegetation": null, "water": null, "isRefined": 1, "nrtResource": "/data/NRT/2022/05/13/S2A/S2A_MSIL1C_20220513T155821_N0400_R097_T17SPA_20220513T211830.zip", "storage": {"mode": "tier3"}}}, {"type": "Feature", "geometry": {"type": "Polygon", "coordinates": [[[-79.875514452661, 37.041254047993], [-79.889760308681, 36.051582826082], [-78.671385770528, 36.03410504882], [-78.641532453721, 37.023137802563], [-79.875514452661, 37.041254047993]]]}, "id": "S2A_MSIL1C_20220513T155821_N0510_R097_T17SPA_20241127T222200", "assets": {}, "properties": {"eodag_product_type": "S2_MSI_L1C", "eodag_provider": "peps", "eodag_search_intersection": {"type": "Polygon", "coordinates": [[[-79.13456455303027, 36.04074942240099], [-79.13471968, 36.1338132], [-78.78772998, 36.13370325], [-78.7879871733103, 36.0357777145582], [-79.13456455303027, 36.04074942240099]]]}, "abstract": null, "instrument": "MSI", "platform": "S2ST", "platformSerialIdentifier": "S2A", "processingLevel": "LEVEL1C", "keywords": "MSI,SENTINEL,SENTINEL2,S2,S2A,S2B,L1,L1C,SAFE", "sensorType": "OPTICAL", "license": "proprietary", "missionStartDate": "2015-06-23T00:00:00Z", "title": "S2A_MSIL1C_20220513T155821_N0510_R097_T17SPA_20241127T222200", "_id": "S2_MSI_L1C", "productType": "S2MSI1C", "uid": "703a670c-2ad0-5f8e-a336-abcb3244482e", "keyword": {"772e93bb1d09234": {"name": "North America", "normalized": "north-america", "type": "continent", "href": "https://peps.cnes.fr/resto/api/collections/S2ST/search.json?&lang=en&q=%22North%20America%22"}, "1a5360854a016c9": {"name": "United States of America", "normalized": "united-states-of-america", "type": "country", "parentHash": "772e93bb1d09234", "value": 100, "href": "https://peps.cnes.fr/resto/api/collections/S2ST/search.json?&lang=en&q=%22United%20States%20of%20America%22"}, "b1bd83dbedb661c": {"name": "South", "normalized": "south", "type": "region", "parentHash": "1a5360854a016c9", "value": 100, "href": "https://peps.cnes.fr/resto/api/collections/S2ST/search.json?&lang=en&q=South"}, "33c619964ad3cbb": {"name": "North Carolina", "normalized": "north-carolina", "type": "state", "parentHash": "b1bd83dbedb661c", "value": 50.31, "href": "https://peps.cnes.fr/resto/api/collections/S2ST/search.json?&lang=en&q=%22North%20Carolina%22"}, "182d5069c561698": {"name": "Virginia", "normalized": "virginia", "type": "state", "parentHash": "b1bd83dbedb661c", "value": 49.68, "href": "https://peps.cnes.fr/resto/api/collections/S2ST/search.json?&lang=en&q=Virginia"}, "a0e4a10aa754ab4": {"name": "Northern", "type": "location", "href": "https://peps.cnes.fr/resto/api/collections/S2ST/search.json?&lang=en&q=Northern"}, "b4de51064131332": {"name": "Spring", "type": "season", "href": "https://peps.cnes.fr/resto/api/collections/S2ST/search.json?&lang=en&q=Spring"}, "45038f3c2322ea3": {"name": "S2ST", "type": "collection", "href": "https://peps.cnes.fr/resto/api/collections/S2ST/search.json?&lang=en&q=S2ST"}, "6219554ecf5905c": {"name": "S2MSI1C", "type": "productType", "href": "https://peps.cnes.fr/resto/api/collections/S2ST/search.json?&lang=en&q=S2MSI1C"}, "44b15c0a6e62129": {"name": "LEVEL1C", "type": "processingLevel", "href": "https://peps.cnes.fr/resto/api/collections/S2ST/search.json?&lang=en&q=LEVEL1C"}, "afe9ad14455c260": {"name": "s2A", "type": "platform", "href": "https://peps.cnes.fr/resto/api/collections/S2ST/search.json?&lang=en&q=s2A"}, "503f8f6199f3e44": {"name": "msi", "type": "instrument", "parentHash": "afe9ad14455c260", "href": "https://peps.cnes.fr/resto/api/collections/S2ST/search.json?&lang=en&q=msi"}, "3f85bb5d775e1fc": {"name": "INS-NOBS", "type": "sensorMode", "parentHash": "503f8f6199f3e44", "href": "https://peps.cnes.fr/resto/api/collections/S2ST/search.json?&lang=en&q=INS-NOBS"}, "e8f96b7c46c0d54": {"name": "Descending", "type": "orbitDirection", "href": "https://peps.cnes.fr/resto/api/collections/S2ST/search.json?&lang=en&q=Descending"}, "a56dfb1210d361d": {"name": "Nominal", "type": "realtime", "href": "https://peps.cnes.fr/resto/api/collections/S2ST/search.json?&lang=en&q=Nominal"}, "1f2c66daa212d6a": {"name": "2022", "type": "year", "href": "https://peps.cnes.fr/resto/api/collections/S2ST/search.json?&lang=en&q=2022"}, "dcc9dd5eb77eef7": {"name": "May", "type": "month", "parentHash": "1f2c66daa212d6a", "href": "https://peps.cnes.fr/resto/api/collections/S2ST/search.json?&lang=en&q=May"}, "720a0e9e551d34d": {"name": "13", "type": "day", "parentHash": "dcc9dd5eb77eef7", "href": "https://peps.cnes.fr/resto/api/collections/S2ST/search.json?&lang=en&q=13"}}, "resolution": null, "organisationName": "ESA", "publicationDate": "2025-01-17T16:42:26.869Z", "parentIdentifier": "urn:ogc:def:EOP:ESA::SENTINEL-2:", "orbitNumber": 35987, "orbitDirection": "descending", "cloudCover": 98.0065693212697, "snowCover": null, "creationDate": "2025-01-16T06:47:25.614Z", "modificationDate": "2025-01-17T16:42:26.869Z", "sensorMode": "INS-NOBS", "startTimeFromAscendingNode": "2022-05-13T15:58:21.024Z", "completionTimeFromAscendingNode": "2022-05-13T15:58:21.024Z", "quicklook": "https://peps.cnes.fr/quicklook/2022/05/13/S2A/S2A_MSIL1C_20220513T155821_N0510_R097_T17SPA_20241127T222200_quicklook.jpg", "downloadLink": "https://peps.cnes.fr/resto/collections/S2ST/703a670c-2ad0-5f8e-a336-abcb3244482e/download", "tileIdentifier": "17SPA", "storageStatus": "OFFLINE", "thumbnail": null, "resourceSize": 718904637, "resourceChecksum": "5af7408b423924318bfe55fb174357d4", "visible": 1, "newVersion": null, "isNrt": 0, "realtime": "Nominal", "relativeOrbitNumber": 97, "useDatalake": 1, "bucket": "sentinel2-l1c", "prefix": "17/S/PA/2022/05/13", "s2TakeId": "GS2A_20220513T155821_035987_N05.10", "bareSoil": null, "highProbaClouds": null, "mediumProbaClouds": null, "lowProbaClouds": null, "snowIce": null, "vegetation": null, "water": null, "isRefined": 1, "nrtResource": "/data/NRT/2022/05/13/S2A/S2A_MSIL1C_20220513T155821_N0510_R097_T17SPA_20241127T222200.zip", "storage": {"mode": "tier3"}}}, {"type": "Feature", "geometry": {"type": "MultiPolygon", "coordinates": [[[[-78.69736, 35.133006332027], [-78.66879, 36.122206728227], [-79.88852, 36.139740730929], [-79.90216, 35.149916038428], [-78.69736, 35.133006332027]]]]}, "id": "S2A_MSIL1C_20220523T155831_N0400_R097_T17SPV_20220523T211738", "assets": {}, "properties": {"eodag_product_type": "S2_MSI_L1C", "eodag_provider": "peps", "eodag_search_intersection": {"type": "Polygon", "coordinates": [[[-78.78775568304484, 36.12391689736931], [-78.7884898, 35.8444042], [-79.13423745, 35.84451376], [-79.13471149773693, 36.1289044964218], [-78.78775568304484, 36.12391689736931]]]}, "abstract": null, "instrument": "MSI", "platform": "S2ST", "platformSerialIdentifier": "S2A", "processingLevel": "LEVEL1C", "keywords": "MSI,SENTINEL,SENTINEL2,S2,S2A,S2B,L1,L1C,SAFE", "sensorType": "OPTICAL", "license": "proprietary", "missionStartDate": "2015-06-23T00:00:00Z", "title": "S2A_MSIL1C_20220523T155831_N0400_R097_T17SPV_20220523T211738", "_id": "S2_MSI_L1C", "productType": "S2MSI1C", "uid": "3cabaa02-0751-5272-bd20-180cff613fdf", "keyword": {"772e93bb1d09234": {"name": "North America", "normalized": "north-america", "type": "continent", "href": "https://peps.cnes.fr/resto/api/collections/S2ST/search.json?&lang=en&q=%22North%20America%22"}, "1a5360854a016c9": {"name": "United States of America", "normalized": "united-states-of-america", "type": "country", "parentHash": "772e93bb1d09234", "value": 100, "href": "https://peps.cnes.fr/resto/api/collections/S2ST/search.json?&lang=en&q=%22United%20States%20of%20America%22"}, "b1bd83dbedb661c": {"name": "South", "normalized": "south", "type": "region", "parentHash": "1a5360854a016c9", "value": 100, "href": "https://peps.cnes.fr/resto/api/collections/S2ST/search.json?&lang=en&q=South"}, "33c619964ad3cbb": {"name": "North Carolina", "normalized": "north-carolina", "type": "state", "parentHash": "b1bd83dbedb661c", "value": 100, "href": "https://peps.cnes.fr/resto/api/collections/S2ST/search.json?&lang=en&q=%22North%20Carolina%22"}, "a0e4a10aa754ab4": {"name": "Northern", "type": "location", "href": "https://peps.cnes.fr/resto/api/collections/S2ST/search.json?&lang=en&q=Northern"}, "b4de51064131332": {"name": "Spring", "type": "season", "href": "https://peps.cnes.fr/resto/api/collections/S2ST/search.json?&lang=en&q=Spring"}, "45038f3c2322ea3": {"name": "S2ST", "type": "collection", "href": "https://peps.cnes.fr/resto/api/collections/S2ST/search.json?&lang=en&q=S2ST"}, "6219554ecf5905c": {"name": "S2MSI1C", "type": "productType", "href": "https://peps.cnes.fr/resto/api/collections/S2ST/search.json?&lang=en&q=S2MSI1C"}, "44b15c0a6e62129": {"name": "LEVEL1C", "type": "processingLevel", "href": "https://peps.cnes.fr/resto/api/collections/S2ST/search.json?&lang=en&q=LEVEL1C"}, "afe9ad14455c260": {"name": "s2A", "type": "platform", "href": "https://peps.cnes.fr/resto/api/collections/S2ST/search.json?&lang=en&q=s2A"}, "503f8f6199f3e44": {"name": "msi", "type": "instrument", "parentHash": "afe9ad14455c260", "href": "https://peps.cnes.fr/resto/api/collections/S2ST/search.json?&lang=en&q=msi"}, "3f85bb5d775e1fc": {"name": "INS-NOBS", "type": "sensorMode", "parentHash": "503f8f6199f3e44", "href": "https://peps.cnes.fr/resto/api/collections/S2ST/search.json?&lang=en&q=INS-NOBS"}, "e8f96b7c46c0d54": {"name": "Descending", "type": "orbitDirection", "href": "https://peps.cnes.fr/resto/api/collections/S2ST/search.json?&lang=en&q=Descending"}, "a56dfb1210d361d": {"name": "Nominal", "type": "realtime", "href": "https://peps.cnes.fr/resto/api/collections/S2ST/search.json?&lang=en&q=Nominal"}, "1f2c66daa212d6a": {"name": "2022", "type": "year", "href": "https://peps.cnes.fr/resto/api/collections/S2ST/search.json?&lang=en&q=2022"}, "dcc9dd5eb77eef7": {"name": "May", "type": "month", "parentHash": "1f2c66daa212d6a", "href": "https://peps.cnes.fr/resto/api/collections/S2ST/search.json?&lang=en&q=May"}, "eccc4e1537ae32f": {"name": "23", "type": "day", "parentHash": "dcc9dd5eb77eef7", "href": "https://peps.cnes.fr/resto/api/collections/S2ST/search.json?&lang=en&q=23"}}, "resolution": null, "organisationName": "ESA", "publicationDate": "2022-05-24T00:57:24.657Z", "parentIdentifier": "urn:ogc:def:EOP:ESA::SENTINEL-2:", "orbitNumber": 36130, "orbitDirection": "descending", "cloudCover": 98.0950759951029, "snowCover": null, "creationDate": "2022-05-24T00:53:40.438Z", "modificationDate": "2022-05-24T00:57:24.657Z", "sensorMode": "INS-NOBS", "startTimeFromAscendingNode": "2022-05-23T15:58:31.024Z", "completionTimeFromAscendingNode": "2022-05-23T15:58:31.024Z", "quicklook": "https://peps.cnes.fr/quicklook/2022/05/23/S2A/S2A_MSIL1C_20220523T155831_N0400_R097_T17SPV_20220523T211738_quicklook.jpg", "downloadLink": "https://peps.cnes.fr/resto/collections/S2ST/3cabaa02-0751-5272-bd20-180cff613fdf/download", "tileIdentifier": "17SPV", "storageStatus": "OFFLINE", "thumbnail": null, "resourceSize": 692960560, "resourceChecksum": "4b7125fefed35fd9cf95ae2284da3d82", "visible": 1, "newVersion": null, "isNrt": 0, "realtime": "Nominal", "relativeOrbitNumber": 97, "useDatalake": 1, "bucket": "sentinel2-l1c", "prefix": "17/S/PV/2022/05/23", "s2TakeId": "GS2A_20220523T155831_036130_N04.00", "bareSoil": null, "highProbaClouds": null, "mediumProbaClouds": null, "lowProbaClouds": null, "snowIce": null, "vegetation": null, "water": null, "isRefined": 1, "nrtResource": "/data/NRT/2022/05/23/S2A/S2A_MSIL1C_20220523T155831_N0400_R097_T17SPV_20220523T211738.zip", "storage": {"mode": "tier3"}}}, {"type": "Feature", "geometry": {"type": "Polygon", "coordinates": [[[-79.888519425, 36.139740731], [-79.902146161, 35.149916038], [-78.697342098, 35.133006332], [-78.668785361, 36.122206728], [-79.888519425, 36.139740731]]]}, "id": "S2A_MSIL1C_20220523T155831_N0510_R097_T17SPV_20240615T145803", "assets": {}, "properties": {"eodag_product_type": "S2_MSI_L1C", "eodag_provider": "peps", "eodag_search_intersection": {"type": "Polygon", "coordinates": [[[-78.78775568288519, 36.123916958157885], [-78.7884898, 35.8444042], [-79.13423745, 35.84451376], [-79.1347114978107, 36.12890454068044], [-78.78775568288519, 36.123916958157885]]]}, "abstract": null, "instrument": "MSI", "platform": "S2ST", "platformSerialIdentifier": "S2A", "processingLevel": "LEVEL1C", "keywords": "MSI,SENTINEL,SENTINEL2,S2,S2A,S2B,L1,L1C,SAFE", "sensorType": "OPTICAL", "license": "proprietary", "missionStartDate": "2015-06-23T00:00:00Z", "title": "S2A_MSIL1C_20220523T155831_N0510_R097_T17SPV_20240615T145803", "_id": "S2_MSI_L1C", "productType": "S2MSI1C", "uid": "836a9495-6a57-50ed-9a45-c73a1b5f09d5", "keyword": {"772e93bb1d09234": {"name": "North America", "normalized": "north-america", "type": "continent", "href": "https://peps.cnes.fr/resto/api/collections/S2ST/search.json?&lang=en&q=%22North%20America%22"}, "1a5360854a016c9": {"name": "United States of America", "normalized": "united-states-of-america", "type": "country", "parentHash": "772e93bb1d09234", "value": 99.99, "href": "https://peps.cnes.fr/resto/api/collections/S2ST/search.json?&lang=en&q=%22United%20States%20of%20America%22"}, "b1bd83dbedb661c": {"name": "South", "normalized": "south", "type": "region", "parentHash": "1a5360854a016c9", "value": 99.99, "href": "https://peps.cnes.fr/resto/api/collections/S2ST/search.json?&lang=en&q=South"}, "33c619964ad3cbb": {"name": "North Carolina", "normalized": "north-carolina", "type": "state", "parentHash": "b1bd83dbedb661c", "value": 99.99, "href": "https://peps.cnes.fr/resto/api/collections/S2ST/search.json?&lang=en&q=%22North%20Carolina%22"}, "a0e4a10aa754ab4": {"name": "Northern", "type": "location", "href": "https://peps.cnes.fr/resto/api/collections/S2ST/search.json?&lang=en&q=Northern"}, "b4de51064131332": {"name": "Spring", "type": "season", "href": "https://peps.cnes.fr/resto/api/collections/S2ST/search.json?&lang=en&q=Spring"}, "45038f3c2322ea3": {"name": "S2ST", "type": "collection", "href": "https://peps.cnes.fr/resto/api/collections/S2ST/search.json?&lang=en&q=S2ST"}, "6219554ecf5905c": {"name": "S2MSI1C", "type": "productType", "href": "https://peps.cnes.fr/resto/api/collections/S2ST/search.json?&lang=en&q=S2MSI1C"}, "44b15c0a6e62129": {"name": "LEVEL1C", "type": "processingLevel", "href": "https://peps.cnes.fr/resto/api/collections/S2ST/search.json?&lang=en&q=LEVEL1C"}, "afe9ad14455c260": {"name": "s2A", "type": "platform", "href": "https://peps.cnes.fr/resto/api/collections/S2ST/search.json?&lang=en&q=s2A"}, "503f8f6199f3e44": {"name": "msi", "type": "instrument", "parentHash": "afe9ad14455c260", "href": "https://peps.cnes.fr/resto/api/collections/S2ST/search.json?&lang=en&q=msi"}, "3f85bb5d775e1fc": {"name": "INS-NOBS", "type": "sensorMode", "parentHash": "503f8f6199f3e44", "href": "https://peps.cnes.fr/resto/api/collections/S2ST/search.json?&lang=en&q=INS-NOBS"}, "e8f96b7c46c0d54": {"name": "Descending", "type": "orbitDirection", "href": "https://peps.cnes.fr/resto/api/collections/S2ST/search.json?&lang=en&q=Descending"}, "a56dfb1210d361d": {"name": "Nominal", "type": "realtime", "href": "https://peps.cnes.fr/resto/api/collections/S2ST/search.json?&lang=en&q=Nominal"}, "1f2c66daa212d6a": {"name": "2022", "type": "year", "href": "https://peps.cnes.fr/resto/api/collections/S2ST/search.json?&lang=en&q=2022"}, "dcc9dd5eb77eef7": {"name": "May", "type": "month", "parentHash": "1f2c66daa212d6a", "href": "https://peps.cnes.fr/resto/api/collections/S2ST/search.json?&lang=en&q=May"}, "eccc4e1537ae32f": {"name": "23", "type": "day", "parentHash": "dcc9dd5eb77eef7", "href": "https://peps.cnes.fr/resto/api/collections/S2ST/search.json?&lang=en&q=23"}}, "resolution": null, "organisationName": "ESA", "publicationDate": "2024-12-23T22:51:08.810Z", "parentIdentifier": "urn:ogc:def:EOP:ESA::SENTINEL-2:", "orbitNumber": 36130, "orbitDirection": "descending", "cloudCover": 98.0972856758936, "snowCover": null, "creationDate": "2024-12-11T20:47:46.529Z", "modificationDate": "2024-12-23T22:51:08.810Z", "sensorMode": "INS-NOBS", "startTimeFromAscendingNode": "2022-05-23T15:58:31.000Z", "completionTimeFromAscendingNode": "2022-05-23T15:58:31.000Z", "quicklook": "https://peps.cnes.fr/quicklook/2022/05/23/S2A/S2A_MSIL1C_20220523T155831_N0510_R097_T17SPV_20240615T145803_quicklook.jpg", "downloadLink": "https://peps.cnes.fr/resto/collections/S2ST/836a9495-6a57-50ed-9a45-c73a1b5f09d5/download", "tileIdentifier": "17SPV", "storageStatus": "OFFLINE", "thumbnail": null, "resourceSize": 692994829, "resourceChecksum": "2271080928a786729bc5191d005c28fd", "visible": 1, "newVersion": null, "isNrt": 0, "realtime": "Nominal", "relativeOrbitNumber": 97, "useDatalake": 1, "bucket": "sentinel2-l1c", "prefix": "17/S/PV/2022/05/23", "s2TakeId": "GS2A_20220523T155831_036130_N05.10", "bareSoil": null, "highProbaClouds": null, "mediumProbaClouds": null, "lowProbaClouds": null, "snowIce": null, "vegetation": null, "water": null, "isRefined": 1, "nrtResource": "/data/NRT/2022/05/23/S2A/S2A_MSIL1C_20220523T155831_N0510_R097_T17SPV_20240615T145803.zip", "storage": {"mode": "tier3"}}}, {"type": "Feature", "geometry": {"type": "MultiPolygon", "coordinates": [[[[-78.69736, 35.133006332027], [-78.66879, 36.122206728227], [-79.88852, 36.139740730929], [-79.90216, 35.149916038428], [-78.69736, 35.133006332027]]]]}, "id": "S2A_MSIL1C_20220503T155831_N0400_R097_T17SPV_20220503T211736", "assets": {}, "properties": {"eodag_product_type": "S2_MSI_L1C", "eodag_provider": "peps", "eodag_search_intersection": {"type": "Polygon", "coordinates": [[[-78.78775568304484, 36.12391689736931], [-78.7884898, 35.8444042], [-79.13423745, 35.84451376], [-79.13471149773693, 36.1289044964218], [-78.78775568304484, 36.12391689736931]]]}, "abstract": null, "instrument": "MSI", "platform": "S2ST", "platformSerialIdentifier": "S2A", "processingLevel": "LEVEL1C", "keywords": "MSI,SENTINEL,SENTINEL2,S2,S2A,S2B,L1,L1C,SAFE", "sensorType": "OPTICAL", "license": "proprietary", "missionStartDate": "2015-06-23T00:00:00Z", "title": "S2A_MSIL1C_20220503T155831_N0400_R097_T17SPV_20220503T211736", "_id": "S2_MSI_L1C", "productType": "S2MSI1C", "uid": "97f62299-6e20-5578-9397-bb7373de2888", "keyword": {"772e93bb1d09234": {"name": "North America", "normalized": "north-america", "type": "continent", "href": "https://peps.cnes.fr/resto/api/collections/S2ST/search.json?&lang=en&q=%22North%20America%22"}, "1a5360854a016c9": {"name": "United States of America", "normalized": "united-states-of-america", "type": "country", "parentHash": "772e93bb1d09234", "value": 100, "href": "https://peps.cnes.fr/resto/api/collections/S2ST/search.json?&lang=en&q=%22United%20States%20of%20America%22"}, "b1bd83dbedb661c": {"name": "South", "normalized": "south", "type": "region", "parentHash": "1a5360854a016c9", "value": 100, "href": "https://peps.cnes.fr/resto/api/collections/S2ST/search.json?&lang=en&q=South"}, "33c619964ad3cbb": {"name": "North Carolina", "normalized": "north-carolina", "type": "state", "parentHash": "b1bd83dbedb661c", "value": 100, "href": "https://peps.cnes.fr/resto/api/collections/S2ST/search.json?&lang=en&q=%22North%20Carolina%22"}, "a0e4a10aa754ab4": {"name": "Northern", "type": "location", "href": "https://peps.cnes.fr/resto/api/collections/S2ST/search.json?&lang=en&q=Northern"}, "b4de51064131332": {"name": "Spring", "type": "season", "href": "https://peps.cnes.fr/resto/api/collections/S2ST/search.json?&lang=en&q=Spring"}, "45038f3c2322ea3": {"name": "S2ST", "type": "collection", "href": "https://peps.cnes.fr/resto/api/collections/S2ST/search.json?&lang=en&q=S2ST"}, "6219554ecf5905c": {"name": "S2MSI1C", "type": "productType", "href": "https://peps.cnes.fr/resto/api/collections/S2ST/search.json?&lang=en&q=S2MSI1C"}, "44b15c0a6e62129": {"name": "LEVEL1C", "type": "processingLevel", "href": "https://peps.cnes.fr/resto/api/collections/S2ST/search.json?&lang=en&q=LEVEL1C"}, "afe9ad14455c260": {"name": "s2A", "type": "platform", "href": "https://peps.cnes.fr/resto/api/collections/S2ST/search.json?&lang=en&q=s2A"}, "503f8f6199f3e44": {"name": "msi", "type": "instrument", "parentHash": "afe9ad14455c260", "href": "https://peps.cnes.fr/resto/api/collections/S2ST/search.json?&lang=en&q=msi"}, "3f85bb5d775e1fc": {"name": "INS-NOBS", "type": "sensorMode", "parentHash": "503f8f6199f3e44", "href": "https://peps.cnes.fr/resto/api/collections/S2ST/search.json?&lang=en&q=INS-NOBS"}, "e8f96b7c46c0d54": {"name": "Descending", "type": "orbitDirection", "href": "https://peps.cnes.fr/resto/api/collections/S2ST/search.json?&lang=en&q=Descending"}, "a56dfb1210d361d": {"name": "Nominal", "type": "realtime", "href": "https://peps.cnes.fr/resto/api/collections/S2ST/search.json?&lang=en&q=Nominal"}, "1f2c66daa212d6a": {"name": "2022", "type": "year", "href": "https://peps.cnes.fr/resto/api/collections/S2ST/search.json?&lang=en&q=2022"}, "dcc9dd5eb77eef7": {"name": "May", "type": "month", "parentHash": "1f2c66daa212d6a", "href": "https://peps.cnes.fr/resto/api/collections/S2ST/search.json?&lang=en&q=May"}, "48e73fcb68ff34a": {"name": "03", "type": "day", "parentHash": "dcc9dd5eb77eef7", "href": "https://peps.cnes.fr/resto/api/collections/S2ST/search.json?&lang=en&q=03"}}, "resolution": null, "organisationName": "ESA", "publicationDate": "2022-05-03T23:57:50.611Z", "parentIdentifier": "urn:ogc:def:EOP:ESA::SENTINEL-2:", "orbitNumber": 35844, "orbitDirection": "descending", "cloudCover": 98.3677028277942, "snowCover": null, "creationDate": "2022-05-03T23:55:57.983Z", "modificationDate": "2022-05-03T23:57:50.611Z", "sensorMode": "INS-NOBS", "startTimeFromAscendingNode": "2022-05-03T15:58:31.024Z", "completionTimeFromAscendingNode": "2022-05-03T15:58:31.024Z", "quicklook": "https://peps.cnes.fr/quicklook/2022/05/03/S2A/S2A_MSIL1C_20220503T155831_N0400_R097_T17SPV_20220503T211736_quicklook.jpg", "downloadLink": "https://peps.cnes.fr/resto/collections/S2ST/97f62299-6e20-5578-9397-bb7373de2888/download", "tileIdentifier": "17SPV", "storageStatus": "OFFLINE", "thumbnail": null, "resourceSize": 820497071, "resourceChecksum": "95db6edf61b525aa6e2e9159ab7cffc7", "visible": 1, "newVersion": null, "isNrt": 0, "realtime": "Nominal", "relativeOrbitNumber": 97, "useDatalake": 1, "bucket": "sentinel2-l1c", "prefix": "17/S/PV/2022/05/03", "s2TakeId": "GS2A_20220503T155831_035844_N04.00", "bareSoil": null, "highProbaClouds": null, "mediumProbaClouds": null, "lowProbaClouds": null, "snowIce": null, "vegetation": null, "water": null, "isRefined": 1, "nrtResource": "/data/NRT/2022/05/03/S2A/S2A_MSIL1C_20220503T155831_N0400_R097_T17SPV_20220503T211736.zip", "storage": {"mode": "tier3"}}}, {"type": "Feature", "geometry": {"type": "Polygon", "coordinates": [[[-79.888519424671, 36.139740730929], [-79.902146161152, 35.149916038428], [-78.697342097693, 35.133006332027], [-78.668785361006, 36.122206728227], [-79.888519424671, 36.139740730929]]]}, "id": "S2A_MSIL1C_20220503T155831_N0510_R097_T17SPV_20241127T102757", "assets": {}, "properties": {"eodag_product_type": "S2_MSI_L1C", "eodag_provider": "peps", "eodag_search_intersection": {"type": "Polygon", "coordinates": [[[-78.78775568288467, 36.12391695835619], [-78.7884898, 35.8444042], [-79.13423745, 35.84451376], [-79.1347114978109, 36.128904540795354], [-78.78775568288467, 36.12391695835619]]]}, "abstract": null, "instrument": "MSI", "platform": "S2ST", "platformSerialIdentifier": "S2A", "processingLevel": "LEVEL1C", "keywords": "MSI,SENTINEL,SENTINEL2,S2,S2A,S2B,L1,L1C,SAFE", "sensorType": "OPTICAL", "license": "proprietary", "missionStartDate": "2015-06-23T00:00:00Z", "title": "S2A_MSIL1C_20220503T155831_N0510_R097_T17SPV_20241127T102757", "_id": "S2_MSI_L1C", "productType": "S2MSI1C", "uid": "8238b0b2-9378-546c-ade8-8a0d9c7694ed", "keyword": {"772e93bb1d09234": {"name": "North America", "normalized": "north-america", "type": "continent", "href": "https://peps.cnes.fr/resto/api/collections/S2ST/search.json?&lang=en&q=%22North%20America%22"}, "1a5360854a016c9": {"name": "United States of America", "normalized": "united-states-of-america", "type": "country", "parentHash": "772e93bb1d09234", "value": 100, "href": "https://peps.cnes.fr/resto/api/collections/S2ST/search.json?&lang=en&q=%22United%20States%20of%20America%22"}, "b1bd83dbedb661c": {"name": "South", "normalized": "south", "type": "region", "parentHash": "1a5360854a016c9", "value": 100, "href": "https://peps.cnes.fr/resto/api/collections/S2ST/search.json?&lang=en&q=South"}, "33c619964ad3cbb": {"name": "North Carolina", "normalized": "north-carolina", "type": "state", "parentHash": "b1bd83dbedb661c", "value": 100, "href": "https://peps.cnes.fr/resto/api/collections/S2ST/search.json?&lang=en&q=%22North%20Carolina%22"}, "a0e4a10aa754ab4": {"name": "Northern", "type": "location", "href": "https://peps.cnes.fr/resto/api/collections/S2ST/search.json?&lang=en&q=Northern"}, "b4de51064131332": {"name": "Spring", "type": "season", "href": "https://peps.cnes.fr/resto/api/collections/S2ST/search.json?&lang=en&q=Spring"}, "45038f3c2322ea3": {"name": "S2ST", "type": "collection", "href": "https://peps.cnes.fr/resto/api/collections/S2ST/search.json?&lang=en&q=S2ST"}, "6219554ecf5905c": {"name": "S2MSI1C", "type": "productType", "href": "https://peps.cnes.fr/resto/api/collections/S2ST/search.json?&lang=en&q=S2MSI1C"}, "44b15c0a6e62129": {"name": "LEVEL1C", "type": "processingLevel", "href": "https://peps.cnes.fr/resto/api/collections/S2ST/search.json?&lang=en&q=LEVEL1C"}, "afe9ad14455c260": {"name": "s2A", "type": "platform", "href": "https://peps.cnes.fr/resto/api/collections/S2ST/search.json?&lang=en&q=s2A"}, "503f8f6199f3e44": {"name": "msi", "type": "instrument", "parentHash": "afe9ad14455c260", "href": "https://peps.cnes.fr/resto/api/collections/S2ST/search.json?&lang=en&q=msi"}, "3f85bb5d775e1fc": {"name": "INS-NOBS", "type": "sensorMode", "parentHash": "503f8f6199f3e44", "href": "https://peps.cnes.fr/resto/api/collections/S2ST/search.json?&lang=en&q=INS-NOBS"}, "e8f96b7c46c0d54": {"name": "Descending", "type": "orbitDirection", "href": "https://peps.cnes.fr/resto/api/collections/S2ST/search.json?&lang=en&q=Descending"}, "a56dfb1210d361d": {"name": "Nominal", "type": "realtime", "href": "https://peps.cnes.fr/resto/api/collections/S2ST/search.json?&lang=en&q=Nominal"}, "1f2c66daa212d6a": {"name": "2022", "type": "year", "href": "https://peps.cnes.fr/resto/api/collections/S2ST/search.json?&lang=en&q=2022"}, "dcc9dd5eb77eef7": {"name": "May", "type": "month", "parentHash": "1f2c66daa212d6a", "href": "https://peps.cnes.fr/resto/api/collections/S2ST/search.json?&lang=en&q=May"}, "48e73fcb68ff34a": {"name": "03", "type": "day", "parentHash": "dcc9dd5eb77eef7", "href": "https://peps.cnes.fr/resto/api/collections/S2ST/search.json?&lang=en&q=03"}}, "resolution": null, "organisationName": "ESA", "publicationDate": "2025-01-15T20:57:32.728Z", "parentIdentifier": "urn:ogc:def:EOP:ESA::SENTINEL-2:", "orbitNumber": 35844, "orbitDirection": "descending", "cloudCover": 98.3688972498432, "snowCover": null, "creationDate": "2025-01-15T20:34:42.584Z", "modificationDate": "2025-01-15T20:57:32.728Z", "sensorMode": "INS-NOBS", "startTimeFromAscendingNode": "2022-05-03T15:58:31.024Z", "completionTimeFromAscendingNode": "2022-05-03T15:58:31.024Z", "quicklook": "https://peps.cnes.fr/quicklook/2022/05/03/S2A/S2A_MSIL1C_20220503T155831_N0510_R097_T17SPV_20241127T102757_quicklook.jpg", "downloadLink": "https://peps.cnes.fr/resto/collections/S2ST/8238b0b2-9378-546c-ade8-8a0d9c7694ed/download", "tileIdentifier": "17SPV", "storageStatus": "OFFLINE", "thumbnail": null, "resourceSize": 820499101, "resourceChecksum": "687b6ad7a033b8e136d42b7c8fbb4937", "visible": 1, "newVersion": null, "isNrt": 0, "realtime": "Nominal", "relativeOrbitNumber": 97, "useDatalake": 1, "bucket": "sentinel2-l1c", "prefix": "17/S/PV/2022/05/03", "s2TakeId": "GS2A_20220503T155831_035844_N05.10", "bareSoil": null, "highProbaClouds": null, "mediumProbaClouds": null, "lowProbaClouds": null, "snowIce": null, "vegetation": null, "water": null, "isRefined": 1, "nrtResource": "/data/NRT/2022/05/03/S2A/S2A_MSIL1C_20220503T155831_N0510_R097_T17SPV_20241127T102757.zip", "storage": {"mode": "tier3"}}}, {"type": "Feature", "geometry": {"type": "MultiPolygon", "coordinates": [[[[-78.69736, 35.133006332027], [-78.66879, 36.122206728227], [-79.88852, 36.139740730929], [-79.90216, 35.149916038428], [-78.69736, 35.133006332027]]]]}, "id": "S2B_MSIL1C_20220508T155819_N0400_R097_T17SPV_20220508T194909", "assets": {}, "properties": {"eodag_product_type": "S2_MSI_L1C", "eodag_provider": "peps", "eodag_search_intersection": {"type": "Polygon", "coordinates": [[[-78.78775568304484, 36.12391689736931], [-78.7884898, 35.8444042], [-79.13423745, 35.84451376], [-79.13471149773693, 36.1289044964218], [-78.78775568304484, 36.12391689736931]]]}, "abstract": null, "instrument": "MSI", "platform": "S2ST", "platformSerialIdentifier": "S2B", "processingLevel": "LEVEL1C", "keywords": "MSI,SENTINEL,SENTINEL2,S2,S2A,S2B,L1,L1C,SAFE", "sensorType": "OPTICAL", "license": "proprietary", "missionStartDate": "2015-06-23T00:00:00Z", "title": "S2B_MSIL1C_20220508T155819_N0400_R097_T17SPV_20220508T194909", "_id": "S2_MSI_L1C", "productType": "S2MSI1C", "uid": "31aa8b3a-a2d9-5349-8456-4b2d80b00071", "keyword": {"772e93bb1d09234": {"name": "North America", "normalized": "north-america", "type": "continent", "href": "https://peps.cnes.fr/resto/api/collections/S2ST/search.json?&lang=en&q=%22North%20America%22"}, "1a5360854a016c9": {"name": "United States of America", "normalized": "united-states-of-america", "type": "country", "parentHash": "772e93bb1d09234", "value": 100, "href": "https://peps.cnes.fr/resto/api/collections/S2ST/search.json?&lang=en&q=%22United%20States%20of%20America%22"}, "b1bd83dbedb661c": {"name": "South", "normalized": "south", "type": "region", "parentHash": "1a5360854a016c9", "value": 100, "href": "https://peps.cnes.fr/resto/api/collections/S2ST/search.json?&lang=en&q=South"}, "33c619964ad3cbb": {"name": "North Carolina", "normalized": "north-carolina", "type": "state", "parentHash": "b1bd83dbedb661c", "value": 100, "href": "https://peps.cnes.fr/resto/api/collections/S2ST/search.json?&lang=en&q=%22North%20Carolina%22"}, "a0e4a10aa754ab4": {"name": "Northern", "type": "location", "href": "https://peps.cnes.fr/resto/api/collections/S2ST/search.json?&lang=en&q=Northern"}, "b4de51064131332": {"name": "Spring", "type": "season", "href": "https://peps.cnes.fr/resto/api/collections/S2ST/search.json?&lang=en&q=Spring"}, "45038f3c2322ea3": {"name": "S2ST", "type": "collection", "href": "https://peps.cnes.fr/resto/api/collections/S2ST/search.json?&lang=en&q=S2ST"}, "6219554ecf5905c": {"name": "S2MSI1C", "type": "productType", "href": "https://peps.cnes.fr/resto/api/collections/S2ST/search.json?&lang=en&q=S2MSI1C"}, "44b15c0a6e62129": {"name": "LEVEL1C", "type": "processingLevel", "href": "https://peps.cnes.fr/resto/api/collections/S2ST/search.json?&lang=en&q=LEVEL1C"}, "56bf819406cae6b": {"name": "s2B", "type": "platform", "href": "https://peps.cnes.fr/resto/api/collections/S2ST/search.json?&lang=en&q=s2B"}, "f841767ba5c92d4": {"name": "msi", "type": "instrument", "parentHash": "56bf819406cae6b", "href": "https://peps.cnes.fr/resto/api/collections/S2ST/search.json?&lang=en&q=msi"}, "aca78422271631a": {"name": "INS-NOBS", "type": "sensorMode", "parentHash": "f841767ba5c92d4", "href": "https://peps.cnes.fr/resto/api/collections/S2ST/search.json?&lang=en&q=INS-NOBS"}, "e8f96b7c46c0d54": {"name": "Descending", "type": "orbitDirection", "href": "https://peps.cnes.fr/resto/api/collections/S2ST/search.json?&lang=en&q=Descending"}, "a56dfb1210d361d": {"name": "Nominal", "type": "realtime", "href": "https://peps.cnes.fr/resto/api/collections/S2ST/search.json?&lang=en&q=Nominal"}, "1f2c66daa212d6a": {"name": "2022", "type": "year", "href": "https://peps.cnes.fr/resto/api/collections/S2ST/search.json?&lang=en&q=2022"}, "dcc9dd5eb77eef7": {"name": "May", "type": "month", "parentHash": "1f2c66daa212d6a", "href": "https://peps.cnes.fr/resto/api/collections/S2ST/search.json?&lang=en&q=May"}, "b2e04ad9f55f11f": {"name": "08", "type": "day", "parentHash": "dcc9dd5eb77eef7", "href": "https://peps.cnes.fr/resto/api/collections/S2ST/search.json?&lang=en&q=08"}}, "resolution": null, "organisationName": "ESA", "publicationDate": "2022-05-08T22:41:38.499Z", "parentIdentifier": "urn:ogc:def:EOP:ESA::SENTINEL-2:", "orbitNumber": 27007, "orbitDirection": "descending", "cloudCover": 99.4436382095613, "snowCover": null, "creationDate": "2022-05-08T22:39:56.205Z", "modificationDate": "2022-05-08T22:41:38.499Z", "sensorMode": "INS-NOBS", "startTimeFromAscendingNode": "2022-05-08T15:58:19.024Z", "completionTimeFromAscendingNode": "2022-05-08T15:58:19.024Z", "quicklook": "https://peps.cnes.fr/quicklook/2022/05/08/S2B/S2B_MSIL1C_20220508T155819_N0400_R097_T17SPV_20220508T194909_quicklook.jpg", "downloadLink": "https://peps.cnes.fr/resto/collections/S2ST/31aa8b3a-a2d9-5349-8456-4b2d80b00071/download", "tileIdentifier": "17SPV", "storageStatus": "OFFLINE", "thumbnail": null, "resourceSize": 605469621, "resourceChecksum": "b71a2417120b9bf485e47ef11dcec974", "visible": 1, "newVersion": null, "isNrt": 0, "realtime": "Nominal", "relativeOrbitNumber": 97, "useDatalake": 1, "bucket": "sentinel2-l1c", "prefix": "17/S/PV/2022/05/08", "s2TakeId": "GS2B_20220508T155819_027007_N04.00", "bareSoil": null, "highProbaClouds": null, "mediumProbaClouds": null, "lowProbaClouds": null, "snowIce": null, "vegetation": null, "water": null, "isRefined": 1, "nrtResource": "/data/NRT/2022/05/08/S2B/S2B_MSIL1C_20220508T155819_N0400_R097_T17SPV_20220508T194909.zip", "storage": {"mode": "tier3"}}}, {"type": "Feature", "geometry": {"type": "MultiPolygon", "coordinates": [[[[-78.67139, 36.03410504882], [-78.64154, 37.023137802563], [-79.87552, 37.041254047993], [-79.88977, 36.051582826082], [-78.67139, 36.03410504882]]]]}, "id": "S2B_MSIL1C_20220508T155819_N0400_R097_T17SPA_20220508T194909", "assets": {}, "properties": {"eodag_product_type": "S2_MSI_L1C", "eodag_provider": "peps", "eodag_search_intersection": {"type": "Polygon", "coordinates": [[[-79.13456455287948, 36.040749331940745], [-79.13471968, 36.1338132], [-78.78772998, 36.13370325], [-78.78798717348934, 36.03577764639024], [-79.13456455287948, 36.040749331940745]]]}, "abstract": null, "instrument": "MSI", "platform": "S2ST", "platformSerialIdentifier": "S2B", "processingLevel": "LEVEL1C", "keywords": "MSI,SENTINEL,SENTINEL2,S2,S2A,S2B,L1,L1C,SAFE", "sensorType": "OPTICAL", "license": "proprietary", "missionStartDate": "2015-06-23T00:00:00Z", "title": "S2B_MSIL1C_20220508T155819_N0400_R097_T17SPA_20220508T194909", "_id": "S2_MSI_L1C", "productType": "S2MSI1C", "uid": "1be2a48f-efaf-54f2-8e92-a20e20ed1bc4", "keyword": {"772e93bb1d09234": {"name": "North America", "normalized": "north-america", "type": "continent", "href": "https://peps.cnes.fr/resto/api/collections/S2ST/search.json?&lang=en&q=%22North%20America%22"}, "1a5360854a016c9": {"name": "United States of America", "normalized": "united-states-of-america", "type": "country", "parentHash": "772e93bb1d09234", "value": 99.99, "href": "https://peps.cnes.fr/resto/api/collections/S2ST/search.json?&lang=en&q=%22United%20States%20of%20America%22"}, "b1bd83dbedb661c": {"name": "South", "normalized": "south", "type": "region", "parentHash": "1a5360854a016c9", "value": 99.99, "href": "https://peps.cnes.fr/resto/api/collections/S2ST/search.json?&lang=en&q=South"}, "33c619964ad3cbb": {"name": "North Carolina", "normalized": "north-carolina", "type": "state", "parentHash": "b1bd83dbedb661c", "value": 50.31, "href": "https://peps.cnes.fr/resto/api/collections/S2ST/search.json?&lang=en&q=%22North%20Carolina%22"}, "182d5069c561698": {"name": "Virginia", "normalized": "virginia", "type": "state", "parentHash": "b1bd83dbedb661c", "value": 49.68, "href": "https://peps.cnes.fr/resto/api/collections/S2ST/search.json?&lang=en&q=Virginia"}, "a0e4a10aa754ab4": {"name": "Northern", "type": "location", "href": "https://peps.cnes.fr/resto/api/collections/S2ST/search.json?&lang=en&q=Northern"}, "b4de51064131332": {"name": "Spring", "type": "season", "href": "https://peps.cnes.fr/resto/api/collections/S2ST/search.json?&lang=en&q=Spring"}, "45038f3c2322ea3": {"name": "S2ST", "type": "collection", "href": "https://peps.cnes.fr/resto/api/collections/S2ST/search.json?&lang=en&q=S2ST"}, "6219554ecf5905c": {"name": "S2MSI1C", "type": "productType", "href": "https://peps.cnes.fr/resto/api/collections/S2ST/search.json?&lang=en&q=S2MSI1C"}, "44b15c0a6e62129": {"name": "LEVEL1C", "type": "processingLevel", "href": "https://peps.cnes.fr/resto/api/collections/S2ST/search.json?&lang=en&q=LEVEL1C"}, "56bf819406cae6b": {"name": "s2B", "type": "platform", "href": "https://peps.cnes.fr/resto/api/collections/S2ST/search.json?&lang=en&q=s2B"}, "f841767ba5c92d4": {"name": "msi", "type": "instrument", "parentHash": "56bf819406cae6b", "href": "https://peps.cnes.fr/resto/api/collections/S2ST/search.json?&lang=en&q=msi"}, "aca78422271631a": {"name": "INS-NOBS", "type": "sensorMode", "parentHash": "f841767ba5c92d4", "href": "https://peps.cnes.fr/resto/api/collections/S2ST/search.json?&lang=en&q=INS-NOBS"}, "e8f96b7c46c0d54": {"name": "Descending", "type": "orbitDirection", "href": "https://peps.cnes.fr/resto/api/collections/S2ST/search.json?&lang=en&q=Descending"}, "a56dfb1210d361d": {"name": "Nominal", "type": "realtime", "href": "https://peps.cnes.fr/resto/api/collections/S2ST/search.json?&lang=en&q=Nominal"}, "1f2c66daa212d6a": {"name": "2022", "type": "year", "href": "https://peps.cnes.fr/resto/api/collections/S2ST/search.json?&lang=en&q=2022"}, "dcc9dd5eb77eef7": {"name": "May", "type": "month", "parentHash": "1f2c66daa212d6a", "href": "https://peps.cnes.fr/resto/api/collections/S2ST/search.json?&lang=en&q=May"}, "b2e04ad9f55f11f": {"name": "08", "type": "day", "parentHash": "dcc9dd5eb77eef7", "href": "https://peps.cnes.fr/resto/api/collections/S2ST/search.json?&lang=en&q=08"}}, "resolution": null, "organisationName": "ESA", "publicationDate": "2022-05-08T22:45:18.184Z", "parentIdentifier": "urn:ogc:def:EOP:ESA::SENTINEL-2:", "orbitNumber": 27007, "orbitDirection": "descending", "cloudCover": 99.9576875989131, "snowCover": null, "creationDate": "2022-05-08T22:43:22.848Z", "modificationDate": "2022-05-08T22:45:18.184Z", "sensorMode": "INS-NOBS", "startTimeFromAscendingNode": "2022-05-08T15:58:19.024Z", "completionTimeFromAscendingNode": "2022-05-08T15:58:19.024Z", "quicklook": "https://peps.cnes.fr/quicklook/2022/05/08/S2B/S2B_MSIL1C_20220508T155819_N0400_R097_T17SPA_20220508T194909_quicklook.jpg", "downloadLink": "https://peps.cnes.fr/resto/collections/S2ST/1be2a48f-efaf-54f2-8e92-a20e20ed1bc4/download", "tileIdentifier": "17SPA", "storageStatus": "OFFLINE", "thumbnail": null, "resourceSize": 607383457, "resourceChecksum": "968127b01d8df6bf0b856dd893c7f6f4", "visible": 1, "newVersion": null, "isNrt": 0, "realtime": "Nominal", "relativeOrbitNumber": 97, "useDatalake": 1, "bucket": "sentinel2-l1c", "prefix": "17/S/PA/2022/05/08", "s2TakeId": "GS2B_20220508T155819_027007_N04.00", "bareSoil": null, "highProbaClouds": null, "mediumProbaClouds": null, "lowProbaClouds": null, "snowIce": null, "vegetation": null, "water": null, "isRefined": 1, "nrtResource": "/data/NRT/2022/05/08/S2B/S2B_MSIL1C_20220508T155819_N0400_R097_T17SPA_20220508T194909.zip", "storage": {"mode": "tier3"}}}, {"type": "Feature", "geometry": {"type": "Polygon", "coordinates": [[[-79.875514453, 37.041254048], [-79.889760309, 36.051582826], [-78.671385771, 36.034105049], [-78.641532454, 37.023137803], [-79.875514453, 37.041254048]]]}, "id": "S2A_MSIL1C_20220523T155831_N0510_R097_T17SPA_20240615T145803", "assets": {}, "properties": {"eodag_product_type": "S2_MSI_L1C", "eodag_provider": "peps", "eodag_search_intersection": {"type": "Polygon", "coordinates": [[[-79.1345645530304, 36.04074942247546], [-79.13471968, 36.1338132], [-78.78772998, 36.13370325], [-78.78798717330992, 36.03577771470656], [-79.1345645530304, 36.04074942247546]]]}, "abstract": null, "instrument": "MSI", "platform": "S2ST", "platformSerialIdentifier": "S2A", "processingLevel": "LEVEL1C", "keywords": "MSI,SENTINEL,SENTINEL2,S2,S2A,S2B,L1,L1C,SAFE", "sensorType": "OPTICAL", "license": "proprietary", "missionStartDate": "2015-06-23T00:00:00Z", "title": "S2A_MSIL1C_20220523T155831_N0510_R097_T17SPA_20240615T145803", "_id": "S2_MSI_L1C", "productType": "S2MSI1C", "uid": "3719d8b5-5dee-5ce6-aa79-78d9034483d5", "keyword": {"772e93bb1d09234": {"name": "North America", "normalized": "north-america", "type": "continent", "href": "https://peps.cnes.fr/resto/api/collections/S2ST/search.json?&lang=en&q=%22North%20America%22"}, "1a5360854a016c9": {"name": "United States of America", "normalized": "united-states-of-america", "type": "country", "parentHash": "772e93bb1d09234", "value": 100, "href": "https://peps.cnes.fr/resto/api/collections/S2ST/search.json?&lang=en&q=%22United%20States%20of%20America%22"}, "b1bd83dbedb661c": {"name": "South", "normalized": "south", "type": "region", "parentHash": "1a5360854a016c9", "value": 100, "href": "https://peps.cnes.fr/resto/api/collections/S2ST/search.json?&lang=en&q=South"}, "33c619964ad3cbb": {"name": "North Carolina", "normalized": "north-carolina", "type": "state", "parentHash": "b1bd83dbedb661c", "value": 50.31, "href": "https://peps.cnes.fr/resto/api/collections/S2ST/search.json?&lang=en&q=%22North%20Carolina%22"}, "182d5069c561698": {"name": "Virginia", "normalized": "virginia", "type": "state", "parentHash": "b1bd83dbedb661c", "value": 49.68, "href": "https://peps.cnes.fr/resto/api/collections/S2ST/search.json?&lang=en&q=Virginia"}, "a0e4a10aa754ab4": {"name": "Northern", "type": "location", "href": "https://peps.cnes.fr/resto/api/collections/S2ST/search.json?&lang=en&q=Northern"}, "b4de51064131332": {"name": "Spring", "type": "season", "href": "https://peps.cnes.fr/resto/api/collections/S2ST/search.json?&lang=en&q=Spring"}, "45038f3c2322ea3": {"name": "S2ST", "type": "collection", "href": "https://peps.cnes.fr/resto/api/collections/S2ST/search.json?&lang=en&q=S2ST"}, "6219554ecf5905c": {"name": "S2MSI1C", "type": "productType", "href": "https://peps.cnes.fr/resto/api/collections/S2ST/search.json?&lang=en&q=S2MSI1C"}, "44b15c0a6e62129": {"name": "LEVEL1C", "type": "processingLevel", "href": "https://peps.cnes.fr/resto/api/collections/S2ST/search.json?&lang=en&q=LEVEL1C"}, "afe9ad14455c260": {"name": "s2A", "type": "platform", "href": "https://peps.cnes.fr/resto/api/collections/S2ST/search.json?&lang=en&q=s2A"}, "503f8f6199f3e44": {"name": "msi", "type": "instrument", "parentHash": "afe9ad14455c260", "href": "https://peps.cnes.fr/resto/api/collections/S2ST/search.json?&lang=en&q=msi"}, "3f85bb5d775e1fc": {"name": "INS-NOBS", "type": "sensorMode", "parentHash": "503f8f6199f3e44", "href": "https://peps.cnes.fr/resto/api/collections/S2ST/search.json?&lang=en&q=INS-NOBS"}, "e8f96b7c46c0d54": {"name": "Descending", "type": "orbitDirection", "href": "https://peps.cnes.fr/resto/api/collections/S2ST/search.json?&lang=en&q=Descending"}, "a56dfb1210d361d": {"name": "Nominal", "type": "realtime", "href": "https://peps.cnes.fr/resto/api/collections/S2ST/search.json?&lang=en&q=Nominal"}, "1f2c66daa212d6a": {"name": "2022", "type": "year", "href": "https://peps.cnes.fr/resto/api/collections/S2ST/search.json?&lang=en&q=2022"}, "dcc9dd5eb77eef7": {"name": "May", "type": "month", "parentHash": "1f2c66daa212d6a", "href": "https://peps.cnes.fr/resto/api/collections/S2ST/search.json?&lang=en&q=May"}, "eccc4e1537ae32f": {"name": "23", "type": "day", "parentHash": "dcc9dd5eb77eef7", "href": "https://peps.cnes.fr/resto/api/collections/S2ST/search.json?&lang=en&q=23"}}, "resolution": null, "organisationName": "ESA", "publicationDate": "2024-12-22T11:51:03.114Z", "parentIdentifier": "urn:ogc:def:EOP:ESA::SENTINEL-2:", "orbitNumber": 36130, "orbitDirection": "descending", "cloudCover": 99.9991340440145, "snowCover": null, "creationDate": "2024-12-11T20:46:14.353Z", "modificationDate": "2024-12-22T11:51:03.114Z", "sensorMode": "INS-NOBS", "startTimeFromAscendingNode": "2022-05-23T15:58:31.000Z", "completionTimeFromAscendingNode": "2022-05-23T15:58:31.000Z", "quicklook": "https://peps.cnes.fr/quicklook/2022/05/23/S2A/S2A_MSIL1C_20220523T155831_N0510_R097_T17SPA_20240615T145803_quicklook.jpg", "downloadLink": "https://peps.cnes.fr/resto/collections/S2ST/3719d8b5-5dee-5ce6-aa79-78d9034483d5/download", "tileIdentifier": "17SPA", "storageStatus": "OFFLINE", "thumbnail": null, "resourceSize": 575859407, "resourceChecksum": "109e6f24d9bbc02a2adf5814b0ce6292", "visible": 1, "newVersion": null, "isNrt": 0, "realtime": "Nominal", "relativeOrbitNumber": 97, "useDatalake": 1, "bucket": "sentinel2-l1c", "prefix": "17/S/PA/2022/05/23", "s2TakeId": "GS2A_20220523T155831_036130_N05.10", "bareSoil": null, "highProbaClouds": null, "mediumProbaClouds": null, "lowProbaClouds": null, "snowIce": null, "vegetation": null, "water": null, "isRefined": 1, "nrtResource": "/data/NRT/2022/05/23/S2A/S2A_MSIL1C_20220523T155831_N0510_R097_T17SPA_20240615T145803.zip", "storage": {"mode": "tier3"}}}, {"type": "Feature", "geometry": {"type": "MultiPolygon", "coordinates": [[[[-78.67139, 36.03410504882], [-78.64154, 37.023137802563], [-79.87552, 37.041254047993], [-79.88977, 36.051582826082], [-78.67139, 36.03410504882]]]]}, "id": "S2A_MSIL1C_20220523T155831_N0400_R097_T17SPA_20220523T211738", "assets": {}, "properties": {"eodag_product_type": "S2_MSI_L1C", "eodag_provider": "peps", "eodag_search_intersection": {"type": "Polygon", "coordinates": [[[-79.13456455287948, 36.040749331940745], [-79.13471968, 36.1338132], [-78.78772998, 36.13370325], [-78.78798717348934, 36.03577764639024], [-79.13456455287948, 36.040749331940745]]]}, "abstract": null, "instrument": "MSI", "platform": "S2ST", "platformSerialIdentifier": "S2A", "processingLevel": "LEVEL1C", "keywords": "MSI,SENTINEL,SENTINEL2,S2,S2A,S2B,L1,L1C,SAFE", "sensorType": "OPTICAL", "license": "proprietary", "missionStartDate": "2015-06-23T00:00:00Z", "title": "S2A_MSIL1C_20220523T155831_N0400_R097_T17SPA_20220523T211738", "_id": "S2_MSI_L1C", "productType": "S2MSI1C", "uid": "4810af04-0813-522c-b4fd-f3ecb80f6583", "keyword": {"772e93bb1d09234": {"name": "North America", "normalized": "north-america", "type": "continent", "href": "https://peps.cnes.fr/resto/api/collections/S2ST/search.json?&lang=en&q=%22North%20America%22"}, "1a5360854a016c9": {"name": "United States of America", "normalized": "united-states-of-america", "type": "country", "parentHash": "772e93bb1d09234", "value": 99.99, "href": "https://peps.cnes.fr/resto/api/collections/S2ST/search.json?&lang=en&q=%22United%20States%20of%20America%22"}, "b1bd83dbedb661c": {"name": "South", "normalized": "south", "type": "region", "parentHash": "1a5360854a016c9", "value": 99.99, "href": "https://peps.cnes.fr/resto/api/collections/S2ST/search.json?&lang=en&q=South"}, "33c619964ad3cbb": {"name": "North Carolina", "normalized": "north-carolina", "type": "state", "parentHash": "b1bd83dbedb661c", "value": 50.31, "href": "https://peps.cnes.fr/resto/api/collections/S2ST/search.json?&lang=en&q=%22North%20Carolina%22"}, "182d5069c561698": {"name": "Virginia", "normalized": "virginia", "type": "state", "parentHash": "b1bd83dbedb661c", "value": 49.68, "href": "https://peps.cnes.fr/resto/api/collections/S2ST/search.json?&lang=en&q=Virginia"}, "a0e4a10aa754ab4": {"name": "Northern", "type": "location", "href": "https://peps.cnes.fr/resto/api/collections/S2ST/search.json?&lang=en&q=Northern"}, "b4de51064131332": {"name": "Spring", "type": "season", "href": "https://peps.cnes.fr/resto/api/collections/S2ST/search.json?&lang=en&q=Spring"}, "45038f3c2322ea3": {"name": "S2ST", "type": "collection", "href": "https://peps.cnes.fr/resto/api/collections/S2ST/search.json?&lang=en&q=S2ST"}, "6219554ecf5905c": {"name": "S2MSI1C", "type": "productType", "href": "https://peps.cnes.fr/resto/api/collections/S2ST/search.json?&lang=en&q=S2MSI1C"}, "44b15c0a6e62129": {"name": "LEVEL1C", "type": "processingLevel", "href": "https://peps.cnes.fr/resto/api/collections/S2ST/search.json?&lang=en&q=LEVEL1C"}, "afe9ad14455c260": {"name": "s2A", "type": "platform", "href": "https://peps.cnes.fr/resto/api/collections/S2ST/search.json?&lang=en&q=s2A"}, "503f8f6199f3e44": {"name": "msi", "type": "instrument", "parentHash": "afe9ad14455c260", "href": "https://peps.cnes.fr/resto/api/collections/S2ST/search.json?&lang=en&q=msi"}, "3f85bb5d775e1fc": {"name": "INS-NOBS", "type": "sensorMode", "parentHash": "503f8f6199f3e44", "href": "https://peps.cnes.fr/resto/api/collections/S2ST/search.json?&lang=en&q=INS-NOBS"}, "e8f96b7c46c0d54": {"name": "Descending", "type": "orbitDirection", "href": "https://peps.cnes.fr/resto/api/collections/S2ST/search.json?&lang=en&q=Descending"}, "a56dfb1210d361d": {"name": "Nominal", "type": "realtime", "href": "https://peps.cnes.fr/resto/api/collections/S2ST/search.json?&lang=en&q=Nominal"}, "1f2c66daa212d6a": {"name": "2022", "type": "year", "href": "https://peps.cnes.fr/resto/api/collections/S2ST/search.json?&lang=en&q=2022"}, "dcc9dd5eb77eef7": {"name": "May", "type": "month", "parentHash": "1f2c66daa212d6a", "href": "https://peps.cnes.fr/resto/api/collections/S2ST/search.json?&lang=en&q=May"}, "eccc4e1537ae32f": {"name": "23", "type": "day", "parentHash": "dcc9dd5eb77eef7", "href": "https://peps.cnes.fr/resto/api/collections/S2ST/search.json?&lang=en&q=23"}}, "resolution": null, "organisationName": "ESA", "publicationDate": "2022-05-24T00:59:29.842Z", "parentIdentifier": "urn:ogc:def:EOP:ESA::SENTINEL-2:", "orbitNumber": 36130, "orbitDirection": "descending", "cloudCover": 99.999343067873, "snowCover": null, "creationDate": "2022-05-24T00:57:44.165Z", "modificationDate": "2022-05-24T00:59:29.842Z", "sensorMode": "INS-NOBS", "startTimeFromAscendingNode": "2022-05-23T15:58:31.024Z", "completionTimeFromAscendingNode": "2022-05-23T15:58:31.024Z", "quicklook": "https://peps.cnes.fr/quicklook/2022/05/23/S2A/S2A_MSIL1C_20220523T155831_N0400_R097_T17SPA_20220523T211738_quicklook.jpg", "downloadLink": "https://peps.cnes.fr/resto/collections/S2ST/4810af04-0813-522c-b4fd-f3ecb80f6583/download", "tileIdentifier": "17SPA", "storageStatus": "OFFLINE", "thumbnail": null, "resourceSize": 575856774, "resourceChecksum": "fec953fdb04f38ab80108252ebb6a332", "visible": 1, "newVersion": null, "isNrt": 0, "realtime": "Nominal", "relativeOrbitNumber": 97, "useDatalake": 1, "bucket": "sentinel2-l1c", "prefix": "17/S/PA/2022/05/23", "s2TakeId": "GS2A_20220523T155831_036130_N04.00", "bareSoil": null, "highProbaClouds": null, "mediumProbaClouds": null, "lowProbaClouds": null, "snowIce": null, "vegetation": null, "water": null, "isRefined": 1, "nrtResource": "/data/NRT/2022/05/23/S2A/S2A_MSIL1C_20220523T155831_N0400_R097_T17SPA_20220523T211738.zip", "storage": {"mode": "tier3"}}}]}